<?xml version="1.0" encoding="UTF-8" standalone="yes" ?><cp:coreProperties xmlns:cp="http://schemas.openxmlformats.org/package/2006/metadata/core-properties" xmlns:dc="http://purl.org/dc/elements/1.1/" xmlns:dcmitype="http://purl.org/dc/dcmitype/" xmlns:dcterms="http://purl.org/dc/terms/" xmlns:xsi="http://www.w3.org/2001/XMLSchema-instance"><cp:category>Model</cp:category><dcterms:created xsi:type="dcterms:W3CDTF">2018-10-22T15:56:52Z</dcterms:created><dc:creator>abs105</dc:creator><dc:description></dc:description><cp:lastModifiedBy>abs105</cp:lastModifiedBy><dcterms:modified xsi:type="dcterms:W3CDTF">2018-10-24T14:53:37Z</dcterms:modified><cp:revision>1.22</cp:revision><cp:version>R2012b</cp:version></cp:coreProperties>