<?xml version="1.0" encoding="utf-8"?>
<ModelInformation Version="0.9">
  <Model>
    <GraphicalInterface>
      <P Name="NumRootInports">0</P>
      <P Name="NumRootOutports">0</P>
      <P Name="ParameterArgumentNames"></P>
      <P Name="ComputedModelVersion">1.22</P>
      <P Name="NumModelReferences">0</P>
      <P Name="NumTestPointedSignals">0</P>
    </GraphicalInterface>
    <P Name="SavedCharacterEncoding">windows-1252</P>
    <P Name="SaveDefaultBlockParams">on</P>
    <P Name="ScopeRefreshTime">0.035000</P>
    <P Name="OverrideScopeRefreshTime">on</P>
    <P Name="DisableAllScopes">off</P>
    <P Name="DataTypeOverride">UseLocalSettings</P>
    <P Name="DataTypeOverrideAppliesTo">AllNumericTypes</P>
    <P Name="MinMaxOverflowLogging">UseLocalSettings</P>
    <P Name="MinMaxOverflowArchiveMode">Overwrite</P>
    <P Name="FPTRunName">Run 1</P>
    <P Name="MaxMDLFileLineLength">120</P>
    <Object PropName="BdWindowsInfo" ObjectID="1" ClassName="Simulink.BDWindowsInfo">
      <Object PropName="WindowsInfo" ObjectID="2" ClassName="Simulink.WindowInfo">
	<P Name="IsActive" Class="logical">1</P>
	<P Name="Location" Class="double">[-8.0, -8.0, 1936.0, 1056.0]</P>
	<Object PropName="ModelBrowserInfo" ObjectID="3" ClassName="Simulink.ModelBrowserInfo">
	  <P Name="Visible" Class="logical">1</P>
	  <P Name="DockPosition" Class="char">Left</P>
	  <P Name="Width" Class="int32">50</P>
	  <P Name="Height" Class="int32">50</P>
	  <P Name="Filter" Class="int32">9</P>
	</Object>
	<Object PropName="ExplorerBarInfo" ObjectID="4" ClassName="Simulink.ExplorerBarInfo">
	  <P Name="Visible" Class="logical">1</P>
	</Object>
	<Object PropName="EditorsInfo" ObjectID="5" ClassName="Simulink.EditorInfo">
	  <P Name="IsActive" Class="logical">1</P>
	  <P Name="ViewObjType" Class="char">SimulinkTopLevel</P>
	  <P Name="LoadSaveID" Class="char">0</P>
	  <P Name="Extents" Class="double">[1691.0, 880.0]</P>
	  <P Name="ZoomFactor" Class="double">1.0</P>
	  <P Name="Offset" Class="double">[506.06249603629112, 4.0]</P>
	</Object>
      </Object>
    </Object>
    <ConfigManagerSettings>
      <P Name="UpdateHistory">UpdateHistoryNever</P>
      <P Name="ModifiedByFormat">%&lt;Auto&gt;</P>
      <P Name="ModifiedDateFormat">%&lt;Auto&gt;</P>
      <P Name="RTWModifiedTimeStamp">462293609</P>
      <P Name="ModelVersionFormat">1.%&lt;AutoIncrement:22&gt;</P>
      <P Name="ConfigurationManager">None</P>
    </ConfigManagerSettings>
    <EditorSettings>
      <P Name="SampleTimeColors">off</P>
      <P Name="SampleTimeAnnotations">off</P>
      <P Name="LibraryLinkDisplay">disabled</P>
      <P Name="WideLines">off</P>
      <P Name="ShowLineDimensions">on</P>
      <P Name="ShowPortDataTypes">off</P>
      <P Name="ShowDesignRanges">off</P>
      <P Name="ShowLoopsOnError">on</P>
      <P Name="IgnoreBidirectionalLines">off</P>
      <P Name="ShowStorageClass">off</P>
      <P Name="ShowTestPointIcons">on</P>
      <P Name="ShowSignalResolutionIcons">on</P>
      <P Name="ShowViewerIcons">on</P>
      <P Name="SortedOrder">off</P>
      <P Name="ExecutionContextIcon">off</P>
      <P Name="ShowLinearizationAnnotations">on</P>
      <P Name="BlockNameDataTip">off</P>
      <P Name="BlockParametersDataTip">off</P>
      <P Name="BlockDescriptionStringDataTip">off</P>
      <P Name="ToolBar">on</P>
      <P Name="StatusBar">on</P>
      <P Name="BrowserShowLibraryLinks">off</P>
      <P Name="BrowserLookUnderMasks">off</P>
    </EditorSettings>
    <SimulationSettings>
      <P Name="SimulationMode">normal</P>
      <P Name="LinearizationMsg">none</P>
      <P Name="Profile">off</P>
      <P Name="ParamWorkspaceSource">MATLABWorkspace</P>
      <P Name="AccelSystemTargetFile">accel.tlc</P>
      <P Name="AccelTemplateMakefile">accel_default_tmf</P>
      <P Name="AccelMakeCommand">make_rtw</P>
      <P Name="TryForcingSFcnDF">off</P>
      <Object PropName="DataLoggingOverride" ObjectID="6" ClassName="Simulink.SimulationData.ModelLoggingInfo">
	<P Name="model_" Class="char">register</P>
	<P Name="overrideMode_" Class="uint32">0U</P>
	<Array PropName="logAsSpecifiedByModels_" Type="Cell" Dimension="1*1">
	  <Cell Class="char">register</Cell>
	</Array>
	<Array PropName="logAsSpecifiedByModelsSSIDs_" Type="Cell" Dimension="1*1">
	  <Cell Class="double">[]</Cell>
	</Array>
      </Object>
    </SimulationSettings>
    <Verification>
      <P Name="RecordCoverage">off</P>
      <P Name="CovPath">/</P>
      <P Name="CovSaveName">covdata</P>
      <P Name="CovMetricSettings">dw</P>
      <P Name="CovNameIncrementing">off</P>
      <P Name="CovHtmlReporting">on</P>
      <P Name="CovForceBlockReductionOff">on</P>
      <P Name="covSaveCumulativeToWorkspaceVar">on</P>
      <P Name="CovSaveSingleToWorkspaceVar">on</P>
      <P Name="CovCumulativeVarName">covCumulativeData</P>
      <P Name="CovCumulativeReport">off</P>
      <P Name="CovReportOnPause">on</P>
      <P Name="CovModelRefEnable">Off</P>
      <P Name="CovExternalEMLEnable">off</P>
    </Verification>
    <ExternalMode>
      <P Name="ExtModeBatchMode">off</P>
      <P Name="ExtModeEnableFloating">on</P>
      <P Name="ExtModeTrigType">manual</P>
      <P Name="ExtModeTrigMode">normal</P>
      <P Name="ExtModeTrigPort">1</P>
      <P Name="ExtModeTrigElement">any</P>
      <P Name="ExtModeTrigDuration">1000</P>
      <P Name="ExtModeTrigDurationFloating">auto</P>
      <P Name="ExtModeTrigHoldOff">0</P>
      <P Name="ExtModeTrigDelay">0</P>
      <P Name="ExtModeTrigDirection">rising</P>
      <P Name="ExtModeTrigLevel">0</P>
      <P Name="ExtModeArchiveMode">off</P>
      <P Name="ExtModeAutoIncOneShot">off</P>
      <P Name="ExtModeIncDirWhenArm">off</P>
      <P Name="ExtModeAddSuffixToVar">off</P>
      <P Name="ExtModeWriteAllDataToWs">off</P>
      <P Name="ExtModeArmWhenConnect">on</P>
      <P Name="ExtModeSkipDownloadWhenConnect">off</P>
      <P Name="ExtModeLogAll">on</P>
      <P Name="ExtModeAutoUpdateStatusClock">on</P>
    </ExternalMode>
    <EngineSettings>
      <P Name="BufferReuse">on</P>
    </EngineSettings>
    <ModelReferenceSettings>
      <P Name="ShowModelReferenceBlockVersion">off</P>
      <P Name="ShowModelReferenceBlockIO">off</P>
    </ModelReferenceSettings>
    <ConfigurationSet>
      <Array PropName="ConfigurationSets" Type="Handle" Dimension="1*1">
	<Object ObjectID="7" Version="1.12.1" ClassName="Simulink.ConfigSet">
	  <Array PropName="Components" Type="Handle" Dimension="1*9">
	    <Object ObjectID="8" Version="1.12.1" ClassName="Simulink.SolverCC">
	      <P Name="StartTime">0.0</P>
	      <P Name="StopTime">0</P>
	      <P Name="AbsTol">auto</P>
	      <P Name="FixedStep">auto</P>
	      <P Name="InitialStep">auto</P>
	      <P Name="MaxNumMinSteps">-1</P>
	      <P Name="MaxOrder">5</P>
	      <P Name="ZcThreshold">auto</P>
	      <P Name="ConsecutiveZCsStepRelTol">10*128*eps</P>
	      <P Name="MaxConsecutiveZCs">1000</P>
	      <P Name="ExtrapolationOrder">4</P>
	      <P Name="NumberNewtonIterations">1</P>
	      <P Name="MaxStep">auto</P>
	      <P Name="MinStep">auto</P>
	      <P Name="MaxConsecutiveMinStep">1</P>
	      <P Name="RelTol">1e-3</P>
	      <P Name="SolverMode">Auto</P>
	      <P Name="EnableConcurrentExecution">off</P>
	      <P Name="ConcurrentTasks">off</P>
	      <P Name="Solver">ode45</P>
	      <P Name="SolverName">ode45</P>
	      <P Name="SolverJacobianMethodControl">auto</P>
	      <P Name="ShapePreserveControl">DisableAll</P>
	      <P Name="ZeroCrossControl">UseLocalSettings</P>
	      <P Name="ZeroCrossAlgorithm">Nonadaptive</P>
	      <P Name="AlgebraicLoopSolver">TrustRegion</P>
	      <P Name="SolverResetMethod">Fast</P>
	      <P Name="PositivePriorityOrder">off</P>
	      <P Name="AutoInsertRateTranBlk">off</P>
	      <P Name="SampleTimeConstraint">Unconstrained</P>
	      <P Name="InsertRTBMode">Whenever possible</P>
	    </Object>
	    <Object ObjectID="9" Version="1.12.1" ClassName="Simulink.DataIOCC">
	      <P Name="Decimation">1</P>
	      <P Name="ExternalInput">[t, u]</P>
	      <P Name="FinalStateName">xFinal</P>
	      <P Name="InitialState">xInitial</P>
	      <P Name="LimitDataPoints">on</P>
	      <P Name="MaxDataPoints">1000</P>
	      <P Name="LoadExternalInput">off</P>
	      <P Name="LoadInitialState">off</P>
	      <P Name="SaveFinalState">off</P>
	      <P Name="SaveCompleteFinalSimState">off</P>
	      <P Name="SaveFormat">Array</P>
	      <P Name="SignalLoggingSaveFormat">Dataset</P>
	      <P Name="SaveOutput">on</P>
	      <P Name="SaveState">off</P>
	      <P Name="SignalLogging">on</P>
	      <P Name="DSMLogging">on</P>
	      <P Name="InspectSignalLogs">off</P>
	      <P Name="SaveTime">on</P>
	      <P Name="ReturnWorkspaceOutputs">off</P>
	      <P Name="StateSaveName">xout</P>
	      <P Name="TimeSaveName">tout</P>
	      <P Name="OutputSaveName">yout</P>
	      <P Name="SignalLoggingName">logsout</P>
	      <P Name="DSMLoggingName">dsmout</P>
	      <P Name="OutputOption">RefineOutputTimes</P>
	      <P Name="OutputTimes">[]</P>
	      <P Name="ReturnWorkspaceOutputsName">out</P>
	      <P Name="Refine">1</P>
	    </Object>
	    <Object ObjectID="10" Version="1.12.1" ClassName="Simulink.OptimizationCC">
	      <Array PropName="DisabledProps" Type="Cell" Dimension="1*8">
		<Cell Class="char">BooleansAsBitfields</Cell>
		<Cell Class="char">PassReuseOutputArgsAs</Cell>
		<Cell Class="char">PassReuseOutputArgsThreshold</Cell>
		<Cell Class="char">ZeroExternalMemoryAtStartup</Cell>
		<Cell Class="char">ZeroInternalMemoryAtStartup</Cell>
		<Cell Class="char">OptimizeModelRefInitCode</Cell>
		<Cell Class="char">NoFixptDivByZeroProtection</Cell>
		<Cell Class="char">UseSpecifiedMinMax</Cell>
	      </Array>
	      <P Name="BlockReduction">on</P>
	      <P Name="BooleanDataType">on</P>
	      <P Name="ConditionallyExecuteInputs">on</P>
	      <P Name="InlineParams">off</P>
	      <P Name="UseIntDivNetSlope">off</P>
	      <P Name="UseFloatMulNetSlope">off</P>
	      <P Name="UseSpecifiedMinMax">off</P>
	      <P Name="InlineInvariantSignals">off</P>
	      <P Name="OptimizeBlockIOStorage">on</P>
	      <P Name="BufferReuse">on</P>
	      <P Name="EnhancedBackFolding">off</P>
	      <P Name="StrengthReduction">off</P>
	      <P Name="ExpressionFolding">on</P>
	      <P Name="BooleansAsBitfields">off</P>
	      <P Name="BitfieldContainerType">uint_T</P>
	      <P Name="EnableMemcpy">on</P>
	      <P Name="MemcpyThreshold">64</P>
	      <P Name="PassReuseOutputArgsAs">Structure reference</P>
	      <P Name="ExpressionDepthLimit">2147483647</P>
	      <P Name="FoldNonRolledExpr">on</P>
	      <P Name="LocalBlockOutputs">on</P>
	      <P Name="RollThreshold">5</P>
	      <P Name="SystemCodeInlineAuto">off</P>
	      <P Name="StateBitsets">off</P>
	      <P Name="DataBitsets">off</P>
	      <P Name="UseTempVars">off</P>
	      <P Name="ZeroExternalMemoryAtStartup">on</P>
	      <P Name="ZeroInternalMemoryAtStartup">on</P>
	      <P Name="InitFltsAndDblsToZero">off</P>
	      <P Name="NoFixptDivByZeroProtection">off</P>
	      <P Name="EfficientFloat2IntCast">off</P>
	      <P Name="EfficientMapNaN2IntZero">on</P>
	      <P Name="OptimizeModelRefInitCode">off</P>
	      <P Name="LifeSpan">inf</P>
	      <P Name="MaxStackSize">Inherit from target</P>
	      <P Name="BufferReusableBoundary">on</P>
	      <P Name="SimCompilerOptimization">Off</P>
	      <P Name="AccelVerboseBuild">off</P>
	      <P Name="ParallelExecutionInRapidAccelerator">on</P>
	    </Object>
	    <Object ObjectID="11" Version="1.12.1" ClassName="Simulink.DebuggingCC">
	      <P Name="RTPrefix">error</P>
	      <P Name="ConsistencyChecking">none</P>
	      <P Name="ArrayBoundsChecking">none</P>
	      <P Name="SignalInfNanChecking">none</P>
	      <P Name="SignalRangeChecking">none</P>
	      <P Name="ReadBeforeWriteMsg">UseLocalSettings</P>
	      <P Name="WriteAfterWriteMsg">UseLocalSettings</P>
	      <P Name="WriteAfterReadMsg">UseLocalSettings</P>
	      <P Name="AlgebraicLoopMsg">warning</P>
	      <P Name="ArtificialAlgebraicLoopMsg">warning</P>
	      <P Name="SaveWithDisabledLinksMsg">warning</P>
	      <P Name="SaveWithParameterizedLinksMsg">warning</P>
	      <P Name="CheckSSInitialOutputMsg">on</P>
	      <P Name="UnderspecifiedInitializationDetection">Classic</P>
	      <P Name="MergeDetectMultiDrivingBlocksExec">none</P>
	      <P Name="CheckExecutionContextPreStartOutputMsg">off</P>
	      <P Name="CheckExecutionContextRuntimeOutputMsg">off</P>
	      <P Name="SignalResolutionControl">UseLocalSettings</P>
	      <P Name="BlockPriorityViolationMsg">warning</P>
	      <P Name="MinStepSizeMsg">warning</P>
	      <P Name="TimeAdjustmentMsg">none</P>
	      <P Name="MaxConsecutiveZCsMsg">error</P>
	      <P Name="MaskedZcDiagnostic">warning</P>
	      <P Name="IgnoredZcDiagnostic">warning</P>
	      <P Name="SolverPrmCheckMsg">warning</P>
	      <P Name="InheritedTsInSrcMsg">warning</P>
	      <P Name="DiscreteInheritContinuousMsg">warning</P>
	      <P Name="MultiTaskDSMMsg">error</P>
	      <P Name="MultiTaskCondExecSysMsg">error</P>
	      <P Name="MultiTaskRateTransMsg">error</P>
	      <P Name="SingleTaskRateTransMsg">none</P>
	      <P Name="TasksWithSamePriorityMsg">warning</P>
	      <P Name="SigSpecEnsureSampleTimeMsg">warning</P>
	      <P Name="CheckMatrixSingularityMsg">none</P>
	      <P Name="IntegerOverflowMsg">warning</P>
	      <P Name="Int32ToFloatConvMsg">warning</P>
	      <P Name="ParameterDowncastMsg">error</P>
	      <P Name="ParameterOverflowMsg">error</P>
	      <P Name="ParameterUnderflowMsg">none</P>
	      <P Name="ParameterPrecisionLossMsg">warning</P>
	      <P Name="ParameterTunabilityLossMsg">warning</P>
	      <P Name="FixptConstUnderflowMsg">none</P>
	      <P Name="FixptConstOverflowMsg">none</P>
	      <P Name="FixptConstPrecisionLossMsg">none</P>
	      <P Name="UnderSpecifiedDataTypeMsg">none</P>
	      <P Name="UnnecessaryDatatypeConvMsg">none</P>
	      <P Name="VectorMatrixConversionMsg">none</P>
	      <P Name="InvalidFcnCallConnMsg">error</P>
	      <P Name="FcnCallInpInsideContextMsg">EnableAllAsError</P>
	      <P Name="SignalLabelMismatchMsg">none</P>
	      <P Name="UnconnectedInputMsg">warning</P>
	      <P Name="UnconnectedOutputMsg">warning</P>
	      <P Name="UnconnectedLineMsg">warning</P>
	      <P Name="SFcnCompatibilityMsg">none</P>
	      <P Name="FrameProcessingCompatibilityMsg">warning</P>
	      <P Name="UniqueDataStoreMsg">none</P>
	      <P Name="BusObjectLabelMismatch">warning</P>
	      <P Name="RootOutportRequireBusObject">warning</P>
	      <P Name="AssertControl">UseLocalSettings</P>
	      <P Name="EnableOverflowDetection">off</P>
	      <P Name="ModelReferenceIOMsg">none</P>
	      <P Name="ModelReferenceMultiInstanceNormalModeStructChecksumCheck">error</P>
	      <P Name="ModelReferenceVersionMismatchMessage">none</P>
	      <P Name="ModelReferenceIOMismatchMessage">none</P>
	      <P Name="ModelReferenceCSMismatchMessage">none</P>
	      <P Name="UnknownTsInhSupMsg">warning</P>
	      <P Name="ModelReferenceDataLoggingMessage">warning</P>
	      <P Name="ModelReferenceSymbolNameMessage">warning</P>
	      <P Name="ModelReferenceExtraNoncontSigs">error</P>
	      <P Name="StateNameClashWarn">warning</P>
	      <P Name="SimStateInterfaceChecksumMismatchMsg">warning</P>
	      <P Name="SimStateOlderReleaseMsg">error</P>
	      <P Name="InitInArrayFormatMsg">warning</P>
	      <P Name="StrictBusMsg">ErrorLevel1</P>
	      <P Name="BusNameAdapt">WarnAndRepair</P>
	      <P Name="NonBusSignalsTreatedAsBus">none</P>
	      <P Name="LoggingUnavailableSignals">error</P>
	      <P Name="BlockIODiagnostic">none</P>
	      <P Name="SFUnusedDataAndEventsDiag">warning</P>
	      <P Name="SFUnexpectedBacktrackingDiag">warning</P>
	      <P Name="SFInvalidInputDataAccessInChartInitDiag">warning</P>
	      <P Name="SFNoUnconditionalDefaultTransitionDiag">warning</P>
	      <P Name="SFTransitionOutsideNaturalParentDiag">warning</P>
	      <P Name="SFUnconditionalTransitionShadowingDiag">warning</P>
	      <P Name="SFUndirectedBroadcastEventsDiag">warning</P>
	      <P Name="SFTransitionActionBeforeConditionDiag">warning</P>
	    </Object>
	    <Object ObjectID="12" Version="1.12.1" ClassName="Simulink.HardwareCC">
	      <P Name="ProdBitPerChar">8</P>
	      <P Name="ProdBitPerShort">16</P>
	      <P Name="ProdBitPerInt">32</P>
	      <P Name="ProdBitPerLong">32</P>
	      <P Name="ProdBitPerFloat">32</P>
	      <P Name="ProdBitPerDouble">64</P>
	      <P Name="ProdBitPerPointer">32</P>
	      <P Name="ProdLargestAtomicInteger">Char</P>
	      <P Name="ProdLargestAtomicFloat">None</P>
	      <P Name="ProdIntDivRoundTo">Undefined</P>
	      <P Name="ProdEndianess">Unspecified</P>
	      <P Name="ProdWordSize">32</P>
	      <P Name="ProdShiftRightIntArith">on</P>
	      <P Name="ProdHWDeviceType">32-bit Generic</P>
	      <P Name="TargetBitPerChar">8</P>
	      <P Name="TargetBitPerShort">16</P>
	      <P Name="TargetBitPerInt">32</P>
	      <P Name="TargetBitPerLong">32</P>
	      <P Name="TargetBitPerFloat">32</P>
	      <P Name="TargetBitPerDouble">64</P>
	      <P Name="TargetBitPerPointer">32</P>
	      <P Name="TargetLargestAtomicInteger">Char</P>
	      <P Name="TargetLargestAtomicFloat">None</P>
	      <P Name="TargetShiftRightIntArith">on</P>
	      <P Name="TargetIntDivRoundTo">Undefined</P>
	      <P Name="TargetEndianess">Unspecified</P>
	      <P Name="TargetWordSize">32</P>
	      <P Name="TargetTypeEmulationWarnSuppressLevel">0</P>
	      <P Name="TargetPreprocMaxBitsSint">32</P>
	      <P Name="TargetPreprocMaxBitsUint">32</P>
	      <P Name="TargetHWDeviceType">Specified</P>
	      <P Name="TargetUnknown">off</P>
	      <P Name="ProdEqTarget">on</P>
	    </Object>
	    <Object ObjectID="13" Version="1.12.1" ClassName="Simulink.ModelReferenceCC">
	      <P Name="UpdateModelReferenceTargets">IfOutOfDateOrStructuralChange</P>
	      <P Name="CheckModelReferenceTargetMessage">error</P>
	      <P Name="EnableParallelModelReferenceBuilds">off</P>
	      <P Name="ParallelModelReferenceErrorOnInvalidPool">on</P>
	      <P Name="ParallelModelReferenceMATLABWorkerInit">None</P>
	      <P Name="ModelReferenceNumInstancesAllowed">Multi</P>
	      <P Name="PropagateVarSize">Infer from blocks in model</P>
	      <P Name="ModelReferencePassRootInputsByReference">on</P>
	      <P Name="ModelReferenceMinAlgLoopOccurrences">off</P>
	      <P Name="PropagateSignalLabelsOutOfModel">off</P>
	      <P Name="SupportModelReferenceSimTargetCustomCode">off</P>
	    </Object>
	    <Object ObjectID="14" Version="1.12.1" ClassName="Simulink.SFSimCC">
	      <P Name="SFSimEnableDebug">on</P>
	      <P Name="SFSimOverflowDetection">on</P>
	      <P Name="SFSimEcho">on</P>
	      <P Name="SimBlas">on</P>
	      <P Name="SimCtrlC">on</P>
	      <P Name="SimExtrinsic">on</P>
	      <P Name="SimIntegrity">on</P>
	      <P Name="SimUseLocalCustomCode">off</P>
	      <P Name="SimParseCustomCode">on</P>
	      <P Name="SimBuildMode">sf_incremental_build</P>
	    </Object>
	    <Object BackupClass="Simulink.RTWCC" ObjectID="15" Version="1.12.1" ClassName="Simulink.RTWCC">
	      <Array PropName="DisabledProps" Type="Cell" Dimension="1*15">
		<Cell Class="char">IncludeHyperlinkInReport</Cell>
		<Cell Class="char">GenerateTraceInfo</Cell>
		<Cell Class="char">GenerateTraceReport</Cell>
		<Cell Class="char">GenerateTraceReportSl</Cell>
		<Cell Class="char">GenerateTraceReportSf</Cell>
		<Cell Class="char">GenerateTraceReportEml</Cell>
		<Cell Class="char">PortableWordSizes</Cell>
		<Cell Class="char">GenerateWebview</Cell>
		<Cell Class="char">GenerateCodeMetricsReport</Cell>
		<Cell Class="char">GenerateCodeReplacementReport</Cell>
		<Cell Class="char">GenerateErtSFunction</Cell>
		<Cell Class="char">CreateSILPILBlock</Cell>
		<Cell Class="char">CodeExecutionProfiling</Cell>
		<Cell Class="char">CodeProfilingSaveOptions</Cell>
		<Cell Class="char">CodeProfilingInstrumentation</Cell>
	      </Array>
	      <P Name="SystemTargetFile">grt.tlc</P>
	      <P Name="GenCodeOnly">off</P>
	      <P Name="MakeCommand">make_rtw</P>
	      <P Name="GenerateMakefile">on</P>
	      <P Name="PackageGeneratedCodeAndArtifacts">off</P>
	      <P Name="TemplateMakefile">grt_default_tmf</P>
	      <P Name="GenerateReport">off</P>
	      <P Name="SaveLog">off</P>
	      <P Name="RTWVerbose">on</P>
	      <P Name="RetainRTWFile">off</P>
	      <P Name="ProfileTLC">off</P>
	      <P Name="TLCDebug">off</P>
	      <P Name="TLCCoverage">off</P>
	      <P Name="TLCAssert">off</P>
	      <P Name="ProcessScriptMode">Default</P>
	      <P Name="ConfigurationMode">Optimized</P>
	      <P Name="ConfigAtBuild">off</P>
	      <P Name="RTWUseLocalCustomCode">off</P>
	      <P Name="RTWUseSimCustomCode">off</P>
	      <P Name="IncludeHyperlinkInReport">off</P>
	      <P Name="LaunchReport">off</P>
	      <P Name="PortableWordSizes">off</P>
	      <P Name="GenerateErtSFunction">off</P>
	      <P Name="CreateSILPILBlock">None</P>
	      <P Name="CodeExecutionProfiling">off</P>
	      <P Name="CodeExecutionProfileVariable">executionProfile</P>
	      <P Name="CodeProfilingSaveOptions">SummaryOnly</P>
	      <P Name="CodeProfilingInstrumentation">off</P>
	      <P Name="TargetLang">C</P>
	      <P Name="IncludeBusHierarchyInRTWFileBlockHierarchyMap">off</P>
	      <P Name="IncludeERTFirstTime">off</P>
	      <P Name="GenerateTraceInfo">off</P>
	      <P Name="GenerateTraceReport">off</P>
	      <P Name="GenerateTraceReportSl">off</P>
	      <P Name="GenerateTraceReportSf">off</P>
	      <P Name="GenerateTraceReportEml">off</P>
	      <P Name="GenerateCodeInfo">off</P>
	      <P Name="GenerateWebview">off</P>
	      <P Name="GenerateCodeMetricsReport">off</P>
	      <P Name="GenerateCodeReplacementReport">off</P>
	      <P Name="RTWCompilerOptimization">Off</P>
	      <P Name="CheckMdlBeforeBuild">Off</P>
	      <P Name="CustomRebuildMode">OnUpdate</P>
	      <Array PropName="Components" Type="Handle" Dimension="1*2">
		<Object ObjectID="16" Version="1.12.1" ClassName="Simulink.CodeAppCC">
		  <Array PropName="DisabledProps" Type="Cell" Dimension="1*22">
		    <Cell Class="char">IgnoreCustomStorageClasses</Cell>
		    <Cell Class="char">IgnoreTestpoints</Cell>
		    <Cell Class="char">InsertBlockDesc</Cell>
		    <Cell Class="char">InsertPolySpaceComments</Cell>
		    <Cell Class="char">SFDataObjDesc</Cell>
		    <Cell Class="char">MATLABFcnDesc</Cell>
		    <Cell Class="char">SimulinkDataObjDesc</Cell>
		    <Cell Class="char">DefineNamingRule</Cell>
		    <Cell Class="char">SignalNamingRule</Cell>
		    <Cell Class="char">ParamNamingRule</Cell>
		    <Cell Class="char">InternalIdentifier</Cell>
		    <Cell Class="char">InlinedPrmAccess</Cell>
		    <Cell Class="char">CustomSymbolStr</Cell>
		    <Cell Class="char">CustomSymbolStrGlobalVar</Cell>
		    <Cell Class="char">CustomSymbolStrType</Cell>
		    <Cell Class="char">CustomSymbolStrField</Cell>
		    <Cell Class="char">CustomSymbolStrFcn</Cell>
		    <Cell Class="char">CustomSymbolStrFcnArg</Cell>
		    <Cell Class="char">CustomSymbolStrBlkIO</Cell>
		    <Cell Class="char">CustomSymbolStrTmpVar</Cell>
		    <Cell Class="char">CustomSymbolStrMacro</Cell>
		    <Cell Class="char">ReqsInCode</Cell>
		  </Array>
		  <P Name="ForceParamTrailComments">off</P>
		  <P Name="GenerateComments">on</P>
		  <P Name="IgnoreCustomStorageClasses">on</P>
		  <P Name="IgnoreTestpoints">off</P>
		  <P Name="IncHierarchyInIds">off</P>
		  <P Name="MaxIdLength">31</P>
		  <P Name="PreserveName">off</P>
		  <P Name="PreserveNameWithParent">off</P>
		  <P Name="ShowEliminatedStatement">off</P>
		  <P Name="OperatorAnnotations">off</P>
		  <P Name="IncAutoGenComments">off</P>
		  <P Name="SimulinkDataObjDesc">off</P>
		  <P Name="SFDataObjDesc">off</P>
		  <P Name="MATLABFcnDesc">off</P>
		  <P Name="IncDataTypeInIds">off</P>
		  <P Name="MangleLength">1</P>
		  <P Name="CustomSymbolStrGlobalVar">$R$N$M</P>
		  <P Name="CustomSymbolStrType">$N$R$M</P>
		  <P Name="CustomSymbolStrField">$N$M</P>
		  <P Name="CustomSymbolStrFcn">$R$N$M$F</P>
		  <P Name="CustomSymbolStrFcnArg">rt$I$N$M</P>
		  <P Name="CustomSymbolStrBlkIO">rtb_$N$M</P>
		  <P Name="CustomSymbolStrTmpVar">$N$M</P>
		  <P Name="CustomSymbolStrMacro">$R$N$M</P>
		  <P Name="DefineNamingRule">None</P>
		  <P Name="ParamNamingRule">None</P>
		  <P Name="SignalNamingRule">None</P>
		  <P Name="InsertBlockDesc">off</P>
		  <P Name="InsertPolySpaceComments">off</P>
		  <P Name="SimulinkBlockComments">on</P>
		  <P Name="MATLABSourceComments">off</P>
		  <P Name="EnableCustomComments">off</P>
		  <P Name="InternalIdentifier">Classic</P>
		  <P Name="InlinedPrmAccess">Literals</P>
		  <P Name="ReqsInCode">off</P>
		  <P Name="UseSimReservedNames">off</P>
		</Object>
		<Object BackupClass="Simulink.TargetCC" ObjectID="17" Version="1.12.1" ClassName="Simulink.GRTTargetCC">
		  <Array PropName="DisabledProps" Type="Cell" Dimension="1*15">
		    <Cell Class="char">GeneratePreprocessorConditionals</Cell>
		    <Cell Class="char">IncludeMdlTerminateFcn</Cell>
		    <Cell Class="char">CombineOutputUpdateFcns</Cell>
		    <Cell Class="char">SuppressErrorStatus</Cell>
		    <Cell Class="char">ERTCustomFileBanners</Cell>
		    <Cell Class="char">GenerateSampleERTMain</Cell>
		    <Cell Class="char">GenerateTestInterfaces</Cell>
		    <Cell Class="char">ModelStepFunctionPrototypeControlCompliant</Cell>
		    <Cell Class="char">CPPClassGenCompliant</Cell>
		    <Cell Class="char">MultiInstanceERTCode</Cell>
		    <Cell Class="char">PurelyIntegerCode</Cell>
		    <Cell Class="char">SupportComplex</Cell>
		    <Cell Class="char">SupportAbsoluteTime</Cell>
		    <Cell Class="char">SupportContinuousTime</Cell>
		    <Cell Class="char">SupportNonInlinedSFcns</Cell>
		  </Array>
		  <P Name="TargetFcnLib">ansi_tfl_table_tmw.mat</P>
		  <P Name="TargetLibSuffix"></P>
		  <P Name="TargetPreCompLibLocation"></P>
		  <P Name="CodeReplacementLibrary">ANSI_C</P>
		  <P Name="UtilityFuncGeneration">Auto</P>
		  <P Name="ERTMultiwordTypeDef">System defined</P>
		  <P Name="ERTMultiwordLength">256</P>
		  <P Name="MultiwordLength">2048</P>
		  <P Name="GenerateFullHeader">on</P>
		  <P Name="GenerateSampleERTMain">off</P>
		  <P Name="GenerateTestInterfaces">off</P>
		  <P Name="IsPILTarget">off</P>
		  <P Name="ModelReferenceCompliant">on</P>
		  <P Name="ParMdlRefBuildCompliant">on</P>
		  <P Name="CompOptLevelCompliant">on</P>
		  <P Name="ConcurrentExecutionCompliant">on</P>
		  <P Name="IncludeMdlTerminateFcn">on</P>
		  <P Name="GeneratePreprocessorConditionals">Disable all</P>
		  <P Name="CombineOutputUpdateFcns">on</P>
		  <P Name="CombineSignalStateStructs">off</P>
		  <P Name="SuppressErrorStatus">off</P>
		  <P Name="ERTFirstTimeCompliant">off</P>
		  <P Name="IncludeFileDelimiter">Auto</P>
		  <P Name="ERTCustomFileBanners">off</P>
		  <P Name="SupportAbsoluteTime">on</P>
		  <P Name="LogVarNameModifier">rt_</P>
		  <P Name="MatFileLogging">on</P>
		  <P Name="MultiInstanceERTCode">off</P>
		  <P Name="SupportNonFinite">on</P>
		  <P Name="SupportComplex">on</P>
		  <P Name="PurelyIntegerCode">off</P>
		  <P Name="SupportContinuousTime">on</P>
		  <P Name="SupportNonInlinedSFcns">on</P>
		  <P Name="SupportVariableSizeSignals">off</P>
		  <P Name="EnableShiftOperators">on</P>
		  <P Name="ParenthesesLevel">Nominal</P>
		  <P Name="ModelStepFunctionPrototypeControlCompliant">off</P>
		  <P Name="CPPClassGenCompliant">off</P>
		  <P Name="AutosarCompliant">off</P>
		  <P Name="GRTInterface">off</P>
		  <P Name="UseMalloc">off</P>
		  <P Name="ExtMode">off</P>
		  <P Name="ExtModeStaticAlloc">off</P>
		  <P Name="ExtModeTesting">off</P>
		  <P Name="ExtModeStaticAllocSize">1000000</P>
		  <P Name="ExtModeTransport">0</P>
		  <P Name="ExtModeMexFile">ext_comm</P>
		  <P Name="ExtModeIntrfLevel">Level1</P>
		  <P Name="RTWCAPISignals">off</P>
		  <P Name="RTWCAPIParams">off</P>
		  <P Name="RTWCAPIStates">off</P>
		  <P Name="RTWCAPIRootIO">off</P>
		  <P Name="GenerateASAP2">off</P>
		</Object>
	      </Array>
	    </Object>
	    <Object ObjectID="18" Version="1.12.1" ClassName="hdlcoderui.hdlcc">
	      <P Name="Description">HDL Coder custom configuration component</P>
	      <P Name="Name">HDL Coder</P>
	      <Array PropName="HDLConfigFile" Type="Cell" Dimension="1*1">
		<Cell Class="char"></Cell>
	      </Array>
	      <P Name="HDLCActiveTab">0</P>
	    </Object>
	  </Array>
	  <P Name="Name">Configuration</P>
	  <P Name="CurrentDlgPage">Solver</P>
	  <P Name="ConfigPrmDlgPosition"> [ 520, 225, 1400, 855 ] </P>
	</Object>
      </Array>
      <Object Reference="true" PropName="ActiveConfigurationSet" ObjectID="7" ClassName="Simulink.ConfigSet">
      </Object>
    </ConfigurationSet>
    <ConcurrentExecutionSettings>
      <Object PropName="DataTransfer" ObjectID="19" ClassName="Simulink.GlobalDataTransfer">
	<P Name="DefaultTransitionBetweenSyncTasks" Class="char">Ensure deterministic transfer (maximum delay)</P>
	<P Name="DefaultTransitionBetweenAsyncTasks" Class="char">Ensure data integrity only</P>
	<P Name="DefaultTransitionBetweenContTasks" Class="char">Ensure deterministic transfer (minimum delay)</P>
	<P Name="DefaultExtrapolationMethodBetweenContTasks" Class="char">None</P>
	<P Name="AutoInsertRateTranBlk" Class="logical">0</P>
      </Object>
      <P Name="ExplicitPartitioning">off</P>
    </ConcurrentExecutionSettings>
    <SystemDefaults>
      <P Name="PaperOrientation">landscape</P>
      <P Name="PaperPositionMode">auto</P>
      <P Name="PaperType">A4</P>
      <P Name="PaperUnits">centimeters</P>
      <P Name="TiledPaperMargins">[1.270000, 1.270000, 1.270000, 1.270000]</P>
      <P Name="TiledPageScale">1</P>
      <P Name="ShowPageBoundaries">off</P>
      <P Name="ModelBrowserVisibility">on</P>
      <P Name="ModelBrowserWidth">200</P>
      <P Name="ScreenColor">white</P>
    </SystemDefaults>
    <BlockDefaults>
      <P Name="ForegroundColor">black</P>
      <P Name="BackgroundColor">white</P>
      <P Name="DropShadow">off</P>
      <P Name="NamePlacement">normal</P>
      <P Name="FontName">Helvetica</P>
      <P Name="FontSize">10</P>
      <P Name="FontWeight">normal</P>
      <P Name="FontAngle">normal</P>
      <P Name="ShowName">on</P>
      <P Name="BlockRotation">0</P>
      <P Name="BlockMirror">off</P>
    </BlockDefaults>
    <AnnotationDefaults>
      <P Name="HorizontalAlignment">center</P>
      <P Name="VerticalAlignment">middle</P>
      <P Name="ForegroundColor">black</P>
      <P Name="BackgroundColor">white</P>
      <P Name="DropShadow">off</P>
      <P Name="FontName">Helvetica</P>
      <P Name="FontSize">10</P>
      <P Name="FontWeight">normal</P>
      <P Name="FontAngle">normal</P>
      <P Name="UseDisplayTextAsClickCallback">off</P>
    </AnnotationDefaults>
    <LineDefaults>
      <P Name="FontName">Helvetica</P>
      <P Name="FontSize">9</P>
      <P Name="FontWeight">normal</P>
      <P Name="FontAngle">normal</P>
    </LineDefaults>
    <MaskDefaults>
      <P Name="SelfModifiable">off</P>
      <P Name="IconFrame">on</P>
      <P Name="IconOpaque">on</P>
      <P Name="RunInitForIconRedraw">off</P>
      <P Name="IconRotate">none</P>
      <P Name="PortRotate">default</P>
      <P Name="IconUnits">autoscale</P>
    </MaskDefaults>
    <MaskParameterDefaults>
      <P Name="Evaluate">on</P>
      <P Name="Tunable">on</P>
      <P Name="NeverSave">off</P>
      <P Name="Internal">off</P>
      <P Name="ReadOnly">off</P>
      <P Name="Enabled">on</P>
      <P Name="Visible">on</P>
      <P Name="ToolTip">on</P>
    </MaskParameterDefaults>
    <BlockParameterDefaults>
    </BlockParameterDefaults>
    <System>
      <P Name="Location">[-8, -8, 1928, 1048]</P>
      <P Name="Open">on</P>
      <P Name="ZoomFactor">100</P>
      <P Name="ReportName">simulink-default.rpt</P>
      <P Name="SIDHighWatermark">54</P>
      <Block BlockType="Reference" Name=" System Generator" SID="39">
	<P Name="Tag">genX</P>
	<P Name="Ports">[]</P>
	<P Name="Position">[535, 149, 585, 199]</P>
	<P Name="ZOrder">68</P>
	<P Name="ShowName">off</P>
	<P Name="AttributesFormatString">System\nGenerator</P>
	<P Name="LibraryVersion">1.2</P>
	<P Name="UserDataPersistent">on</P>
	<P Name="UserData" Ref="bdmxdata:DataTag0"/>
	<P Name="SourceBlock">xbsIndex_r4/ System Generator</P>
	<P Name="SourceType">Xilinx System Generator Block</P>
	<P Name="infoedit"> System Generator</P>
	<P Name="xilinxfamily">Kintex7</P>
	<P Name="part">xc7k325t</P>
	<P Name="speed">-3</P>
	<P Name="package">fbg676</P>
	<P Name="synthesis_tool">XST</P>
	<P Name="clock_wrapper">Clock Enables</P>
	<P Name="directory">./netlist</P>
	<P Name="proj_type">Project Navigator</P>
	<P Name="Synth_file">XST Defaults</P>
	<P Name="Impl_file">ISE Defaults</P>
	<P Name="testbench">off</P>
	<P Name="simulink_period">1</P>
	<P Name="sysclk_period">10</P>
	<P Name="dcm_input_clock_period">10</P>
	<P Name="incr_netlist">off</P>
	<P Name="trim_vbits">Everywhere in SubSystem</P>
	<P Name="dbl_ovrd">According to Block Masks</P>
	<P Name="core_generation">According to Block Masks</P>
	<P Name="run_coregen">off</P>
	<P Name="deprecated_control">off</P>
	<P Name="eval_field">0</P>
	<P Name="has_advanced_control">0</P>
	<P Name="sggui_pos">-1,-1,-1,-1</P>
	<P Name="block_type">sysgen</P>
	<P Name="sg_icon_stat">50,50,0,0,token,white,0,58c5b5770fe5f7c311f53dbc6e73f0f6,right,,[ ],[ ]</P>
	<P Name="sg_mask_display">fprintf(&apos;&apos;,&apos;COMMENT: begin icon graphics&apos;);
patch([0 50 50 0 0 ],[0 0 50 50 0 ],[1 1 1 ]);
patch([1.6375 16.81 27.31 37.81 48.31 27.31 12.1375 1.6375 ],[36.655 36.655 47.155 36.655 47.155 47.155 47.155 36.655 ],[0.933333 0.203922 0.141176 ]);
patch([12.1375 27.31 16.81 1.6375 12.1375 ],[26.155 26.155 36.655 36.655 26.155 ],[0.698039 0.0313725 0.219608 ]);
patch([1.6375 16.81 27.31 12.1375 1.6375 ],[15.655 15.655 26.155 26.155 15.655 ],[0.933333 0.203922 0.141176 ]);
patch([12.1375 48.31 37.81 27.31 16.81 1.6375 12.1375 ],[5.155 5.155 15.655 5.155 15.655 15.655 5.155 ],[0.698039 0.0313725 0.219608 ]);
fprintf(&apos;&apos;,&apos;COMMENT: end icon graphics&apos;);
fprintf(&apos;&apos;,&apos;COMMENT: begin icon text&apos;);

fprintf(&apos;&apos;,&apos;COMMENT: end icon text&apos;);</P>
      </Block>
      <Block BlockType="Reference" Name="ALU" SID="47">
	<P Name="Ports">[3, 2]</P>
	<P Name="Position">[2965, 287, 3045, 403]</P>
	<P Name="ZOrder">76</P>
	<P Name="LibraryVersion">1.2</P>
	<P Name="SourceBlock">xbsIndex_r4/Black Box</P>
	<P Name="SourceType">Xilinx Black Box Block</P>
	<P Name="infoedit"> Incorporates black box HDL and simulation model into a System Generator design.&lt;br&gt;&lt;br&gt;You must supply a Black Box with certain information about the HDL component you would like to bring into System Generator. This information is provided through a Matlab function.&lt;br&gt;&lt;br&gt;When &quot;Simulation mode&quot; is set to &quot;Inactive&quot;, you will typically want to provide a separate simulation model by using a Simulation Multiplexer.&lt;br&gt;When &quot;Simulation mode&quot; is set to &quot;External co-simulator&quot;, you must include a ModelSim block in the design.</P>
	<P Name="init_code">alu_config</P>
	<P Name="sim_method">Inactive</P>
	<P Name="verbose">off</P>
	<P Name="xl_use_area">off</P>
	<P Name="xl_area">[0,0,0,0,0,0,0]</P>
	<P Name="has_advanced_control">0</P>
	<P Name="sggui_pos">-1,-1,-1,-1</P>
	<P Name="block_type">blackbox2</P>
	<P Name="sg_icon_stat">80,116,3,2,white,blue,0,79c86f02,right,,[ ],[ ]</P>
	<P Name="sg_mask_display">fprintf(&apos;&apos;,&apos;COMMENT: begin icon graphics&apos;);
patch([0 80 80 0 0 ],[0 0 116 116 0 ],[0.77 0.82 0.91 ]);
plot([0 80 80 0 0 ],[0 0 116 116 0 ]);
patch([15.525 31.42 42.42 53.42 64.42 42.42 26.525 15.525 ],[70.21 70.21 81.21 70.21 81.21 81.21 81.21 70.21 ],[1 1 1 ]);
patch([26.525 42.42 31.42 15.525 26.525 ],[59.21 59.21 70.21 70.21 59.21 ],[0.931 0.946 0.973 ]);
patch([15.525 31.42 42.42 26.525 15.525 ],[48.21 48.21 59.21 59.21 48.21 ],[1 1 1 ]);
patch([26.525 64.42 53.42 42.42 31.42 15.525 26.525 ],[37.21 37.21 48.21 37.21 48.21 48.21 37.21 ],[0.931 0.946 0.973 ]);
fprintf(&apos;&apos;,&apos;COMMENT: end icon graphics&apos;);
fprintf(&apos;&apos;,&apos;COMMENT: begin icon text&apos;);
color(&apos;black&apos;);port_label(&apos;input&apos;,1,&apos;aluctrl&apos;);
color(&apos;black&apos;);port_label(&apos;input&apos;,2,&apos;a&apos;);
color(&apos;black&apos;);port_label(&apos;input&apos;,3,&apos;b&apos;);
color(&apos;black&apos;);port_label(&apos;output&apos;,1,&apos;aluout&apos;);
color(&apos;black&apos;);port_label(&apos;output&apos;,2,&apos;zero&apos;);
fprintf(&apos;&apos;,&apos;COMMENT: end icon text&apos;);</P>
      </Block>
      <Block BlockType="Reference" Name="ALU control" SID="49">
	<P Name="Ports">[2, 1]</P>
	<P Name="Position">[2595, 737, 2695, 853]</P>
	<P Name="ZOrder">78</P>
	<P Name="LibraryVersion">1.2</P>
	<P Name="SourceBlock">xbsIndex_r4/Black Box</P>
	<P Name="SourceType">Xilinx Black Box Block</P>
	<P Name="infoedit"> Incorporates black box HDL and simulation model into a System Generator design.&lt;br&gt;&lt;br&gt;You must supply a Black Box with certain information about the HDL component you would like to bring into System Generator. This information is provided through a Matlab function.&lt;br&gt;&lt;br&gt;When &quot;Simulation mode&quot; is set to &quot;Inactive&quot;, you will typically want to provide a separate simulation model by using a Simulation Multiplexer.&lt;br&gt;When &quot;Simulation mode&quot; is set to &quot;External co-simulator&quot;, you must include a ModelSim block in the design.</P>
	<P Name="init_code">alucontrol_config</P>
	<P Name="sim_method">Inactive</P>
	<P Name="verbose">off</P>
	<P Name="xl_use_area">off</P>
	<P Name="xl_area">[0,0,0,0,0,0,0]</P>
	<P Name="has_advanced_control">0</P>
	<P Name="sggui_pos">-1,-1,-1,-1</P>
	<P Name="block_type">blackbox2</P>
	<P Name="sg_icon_stat">100,116,2,1,white,blue,0,515362f9,right,,[ ],[ ]</P>
	<P Name="sg_mask_display">fprintf(&apos;&apos;,&apos;COMMENT: begin icon graphics&apos;);
patch([0 100 100 0 0 ],[0 0 116 116 0 ],[0.77 0.82 0.91 ]);
plot([0 100 100 0 0 ],[0 0 116 116 0 ]);
patch([18.85 39.08 53.08 67.08 81.08 53.08 32.85 18.85 ],[73.54 73.54 87.54 73.54 87.54 87.54 87.54 73.54 ],[1 1 1 ]);
patch([32.85 53.08 39.08 18.85 32.85 ],[59.54 59.54 73.54 73.54 59.54 ],[0.931 0.946 0.973 ]);
patch([18.85 39.08 53.08 32.85 18.85 ],[45.54 45.54 59.54 59.54 45.54 ],[1 1 1 ]);
patch([32.85 81.08 67.08 53.08 39.08 18.85 32.85 ],[31.54 31.54 45.54 31.54 45.54 45.54 31.54 ],[0.931 0.946 0.973 ]);
fprintf(&apos;&apos;,&apos;COMMENT: end icon graphics&apos;);
fprintf(&apos;&apos;,&apos;COMMENT: begin icon text&apos;);
color(&apos;black&apos;);port_label(&apos;input&apos;,1,&apos;aluop&apos;);
color(&apos;black&apos;);port_label(&apos;input&apos;,2,&apos;funcode&apos;);
color(&apos;black&apos;);port_label(&apos;output&apos;,1,&apos;aluctrl&apos;);
fprintf(&apos;&apos;,&apos;COMMENT: end icon text&apos;);</P>
      </Block>
      <Block BlockType="Reference" Name="Constant" SID="35">
	<P Name="Ports">[0, 1]</P>
	<P Name="Position">[1630, 117, 1685, 143]</P>
	<P Name="ZOrder">64</P>
	<P Name="LibraryVersion">1.2</P>
	<P Name="SourceBlock">xbsIndex_r4/Constant</P>
	<P Name="SourceType">Xilinx Constant Block Block</P>
	<P Name="const">4</P>
	<P Name="gui_display_data_type">Fixed-point</P>
	<P Name="arith_type">Unsigned</P>
	<P Name="n_bits">16</P>
	<P Name="bin_pt">0</P>
	<P Name="preci_type">Single</P>
	<P Name="exp_width">8</P>
	<P Name="frac_width">24</P>
	<P Name="explicit_period">on</P>
	<P Name="period">1</P>
	<P Name="dsp48_infoedit">The use of this block for DSP48 instructions is deprecated.  Please use the Opmode block.</P>
	<P Name="equ">P=C</P>
	<P Name="opselect">C</P>
	<P Name="inp2">PCIN&gt;&gt;17</P>
	<P Name="opr">+</P>
	<P Name="inp1">P</P>
	<P Name="carry">CIN</P>
	<P Name="dbl_ovrd">off</P>
	<P Name="has_advanced_control">0</P>
	<P Name="sggui_pos">-1,-1,-1,-1</P>
	<P Name="block_type">constant</P>
	<P Name="sg_icon_stat">55,26,0,1,white,blue,0,85f36853,right,,[ ],[ ]</P>
	<P Name="sg_mask_display">fprintf(&apos;&apos;,&apos;COMMENT: begin icon graphics&apos;);
patch([0 55 55 0 0 ],[0 0 26 26 0 ],[0.77 0.82 0.91 ]);
plot([0 55 55 0 0 ],[0 0 26 26 0 ]);
patch([20.325 24.66 27.66 30.66 33.66 27.66 23.325 20.325 ],[16.33 16.33 19.33 16.33 19.33 19.33 19.33 16.33 ],[1 1 1 ]);
patch([23.325 27.66 24.66 20.325 23.325 ],[13.33 13.33 16.33 16.33 13.33 ],[0.931 0.946 0.973 ]);
patch([20.325 24.66 27.66 23.325 20.325 ],[10.33 10.33 13.33 13.33 10.33 ],[1 1 1 ]);
patch([23.325 33.66 30.66 27.66 24.66 20.325 23.325 ],[7.33 7.33 10.33 7.33 10.33 10.33 7.33 ],[0.931 0.946 0.973 ]);
fprintf(&apos;&apos;,&apos;COMMENT: end icon graphics&apos;);
fprintf(&apos;&apos;,&apos;COMMENT: begin icon text&apos;);
color(&apos;black&apos;);port_label(&apos;output&apos;,1,&apos;4&apos;);
fprintf(&apos;&apos;,&apos;COMMENT: end icon text&apos;);</P>
      </Block>
      <Block BlockType="Reference" Name="Counter2" SID="46">
	<P Name="Ports">[0, 1]</P>
	<P Name="Position">[1915, 965, 1975, 1025]</P>
	<P Name="ZOrder">75</P>
	<P Name="LibraryVersion">1.2</P>
	<P Name="SourceBlock">xbsIndex_r4/Counter</P>
	<P Name="SourceType">Xilinx Counter Block</P>
	<P Name="infoedit">Hardware notes: Free running counters are the least expensive in hardware.  A count limited counter is implemented by combining a counter with a comparator.</P>
	<P Name="cnt_type">Free Running</P>
	<P Name="cnt_to">Inf</P>
	<P Name="operation">Up</P>
	<P Name="start_count">0</P>
	<P Name="cnt_by_val">1</P>
	<P Name="arith_type">Unsigned</P>
	<P Name="n_bits">1</P>
	<P Name="bin_pt">0</P>
	<P Name="load_pin">off</P>
	<P Name="rst">off</P>
	<P Name="en">off</P>
	<P Name="explicit_period">on</P>
	<P Name="period">1</P>
	<P Name="dbl_ovrd">off</P>
	<P Name="use_behavioral_HDL">off</P>
	<P Name="implementation">Fabric</P>
	<P Name="xl_use_area">off</P>
	<P Name="xl_area">[0,0,0,0,0,0,0]</P>
	<P Name="has_advanced_control">0</P>
	<P Name="sggui_pos">-1,-1,-1,-1</P>
	<P Name="block_type">counter</P>
	<P Name="sg_icon_stat">60,60,0,1,white,blue,0,7ac47ef5,right,,[ ],[ ]</P>
	<P Name="sg_mask_display">fprintf(&apos;&apos;,&apos;COMMENT: begin icon graphics&apos;);
patch([0 60 60 0 0 ],[0 0 60 60 0 ],[0.77 0.82 0.91 ]);
plot([0 60 60 0 0 ],[0 0 60 60 0 ]);
patch([12.2 23.76 31.76 39.76 47.76 31.76 20.2 12.2 ],[38.88 38.88 46.88 38.88 46.88 46.88 46.88 38.88 ],[1 1 1 ]);
patch([20.2 31.76 23.76 12.2 20.2 ],[30.88 30.88 38.88 38.88 30.88 ],[0.931 0.946 0.973 ]);
patch([12.2 23.76 31.76 20.2 12.2 ],[22.88 22.88 30.88 30.88 22.88 ],[1 1 1 ]);
patch([20.2 47.76 39.76 31.76 23.76 12.2 20.2 ],[14.88 14.88 22.88 14.88 22.88 22.88 14.88 ],[0.931 0.946 0.973 ]);
fprintf(&apos;&apos;,&apos;COMMENT: end icon graphics&apos;);
fprintf(&apos;&apos;,&apos;COMMENT: begin icon text&apos;);

color(&apos;black&apos;);disp(&apos;{\fontsize{14}\bf++}&apos;,&apos;texmode&apos;,&apos;on&apos;);
fprintf(&apos;&apos;,&apos;COMMENT: end icon text&apos;);</P>
      </Block>
      <Block BlockType="Reference" Name="Logical 2" SID="14">
	<P Name="Ports">[2, 1]</P>
	<P Name="Position">[1935, 340, 1990, 400]</P>
	<P Name="ZOrder">14</P>
	<P Name="LibraryVersion">1.2</P>
	<P Name="SourceBlock">xbsIndex_r4/Logical</P>
	<P Name="SourceType">Xilinx Logical Block Block</P>
	<P Name="logical_function">AND</P>
	<P Name="inputs">2</P>
	<P Name="en">off</P>
	<P Name="latency">0</P>
	<P Name="precision">Full</P>
	<P Name="arith_type">Unsigned</P>
	<P Name="n_bits">16</P>
	<P Name="bin_pt">0</P>
	<P Name="align_bp">on</P>
	<P Name="dbl_ovrd">off</P>
	<P Name="xl_use_area">off</P>
	<P Name="xl_area">[0,0,0,0,0,0,0]</P>
	<P Name="has_advanced_control">0</P>
	<P Name="sggui_pos">-1,-1,-1,-1</P>
	<P Name="block_type">logical</P>
	<P Name="sg_icon_stat">55,60,2,1,white,blue,0,83a4b621,right,,[ ],[ ]</P>
	<P Name="sg_mask_display">fprintf(&apos;&apos;,&apos;COMMENT: begin icon graphics&apos;);
patch([0 55 55 0 0 ],[0 0 60 60 0 ],[0.77 0.82 0.91 ]);
plot([0 55 55 0 0 ],[0 0 60 60 0 ]);
patch([11.425 21.54 28.54 35.54 42.54 28.54 18.425 11.425 ],[37.77 37.77 44.77 37.77 44.77 44.77 44.77 37.77 ],[1 1 1 ]);
patch([18.425 28.54 21.54 11.425 18.425 ],[30.77 30.77 37.77 37.77 30.77 ],[0.931 0.946 0.973 ]);
patch([11.425 21.54 28.54 18.425 11.425 ],[23.77 23.77 30.77 30.77 23.77 ],[1 1 1 ]);
patch([18.425 42.54 35.54 28.54 21.54 11.425 18.425 ],[16.77 16.77 23.77 16.77 23.77 23.77 16.77 ],[0.931 0.946 0.973 ]);
fprintf(&apos;&apos;,&apos;COMMENT: end icon graphics&apos;);
fprintf(&apos;&apos;,&apos;COMMENT: begin icon text&apos;);



color(&apos;black&apos;);disp(&apos;and&apos;);
fprintf(&apos;&apos;,&apos;COMMENT: end icon text&apos;);</P>
      </Block>
      <Block BlockType="Reference" Name="Logical 3" SID="34">
	<P Name="Ports">[2, 1]</P>
	<P Name="Position">[1760, 60, 1815, 120]</P>
	<P Name="ZOrder">63</P>
	<P Name="LibraryVersion">1.2</P>
	<P Name="SourceBlock">xbsIndex_r4/Logical</P>
	<P Name="SourceType">Xilinx Logical Block Block</P>
	<P Name="logical_function">AND</P>
	<P Name="inputs">2</P>
	<P Name="en">off</P>
	<P Name="latency">0</P>
	<P Name="precision">Full</P>
	<P Name="arith_type">Unsigned</P>
	<P Name="n_bits">16</P>
	<P Name="bin_pt">0</P>
	<P Name="align_bp">on</P>
	<P Name="dbl_ovrd">off</P>
	<P Name="xl_use_area">off</P>
	<P Name="xl_area">[0,0,0,0,0,0,0]</P>
	<P Name="has_advanced_control">0</P>
	<P Name="sggui_pos">-1,-1,-1,-1</P>
	<P Name="block_type">logical</P>
	<P Name="sg_icon_stat">55,60,2,1,white,blue,0,83a4b621,right,,[ ],[ ]</P>
	<P Name="sg_mask_display">fprintf(&apos;&apos;,&apos;COMMENT: begin icon graphics&apos;);
patch([0 55 55 0 0 ],[0 0 60 60 0 ],[0.77 0.82 0.91 ]);
plot([0 55 55 0 0 ],[0 0 60 60 0 ]);
patch([11.425 21.54 28.54 35.54 42.54 28.54 18.425 11.425 ],[37.77 37.77 44.77 37.77 44.77 44.77 44.77 37.77 ],[1 1 1 ]);
patch([18.425 28.54 21.54 11.425 18.425 ],[30.77 30.77 37.77 37.77 30.77 ],[0.931 0.946 0.973 ]);
patch([11.425 21.54 28.54 18.425 11.425 ],[23.77 23.77 30.77 30.77 23.77 ],[1 1 1 ]);
patch([18.425 42.54 35.54 28.54 21.54 11.425 18.425 ],[16.77 16.77 23.77 16.77 23.77 23.77 16.77 ],[0.931 0.946 0.973 ]);
fprintf(&apos;&apos;,&apos;COMMENT: end icon graphics&apos;);
fprintf(&apos;&apos;,&apos;COMMENT: begin icon text&apos;);



color(&apos;black&apos;);disp(&apos;and&apos;);
fprintf(&apos;&apos;,&apos;COMMENT: end icon text&apos;);</P>
      </Block>
      <Block BlockType="Reference" Name="Logical1" SID="33">
	<P Name="Ports">[2, 1]</P>
	<P Name="Position">[2220, 60, 2275, 120]</P>
	<P Name="ZOrder">62</P>
	<P Name="LibraryVersion">1.2</P>
	<P Name="SourceBlock">xbsIndex_r4/Logical</P>
	<P Name="SourceType">Xilinx Logical Block Block</P>
	<P Name="logical_function">AND</P>
	<P Name="inputs">2</P>
	<P Name="en">off</P>
	<P Name="latency">0</P>
	<P Name="precision">Full</P>
	<P Name="arith_type">Unsigned</P>
	<P Name="n_bits">16</P>
	<P Name="bin_pt">0</P>
	<P Name="align_bp">on</P>
	<P Name="dbl_ovrd">off</P>
	<P Name="xl_use_area">off</P>
	<P Name="xl_area">[0,0,0,0,0,0,0]</P>
	<P Name="has_advanced_control">0</P>
	<P Name="sggui_pos">-1,-1,-1,-1</P>
	<P Name="block_type">logical</P>
	<P Name="sg_icon_stat">55,60,2,1,white,blue,0,83a4b621,right,,[ ],[ ]</P>
	<P Name="sg_mask_display">fprintf(&apos;&apos;,&apos;COMMENT: begin icon graphics&apos;);
patch([0 55 55 0 0 ],[0 0 60 60 0 ],[0.77 0.82 0.91 ]);
plot([0 55 55 0 0 ],[0 0 60 60 0 ]);
patch([11.425 21.54 28.54 35.54 42.54 28.54 18.425 11.425 ],[37.77 37.77 44.77 37.77 44.77 44.77 44.77 37.77 ],[1 1 1 ]);
patch([18.425 28.54 21.54 11.425 18.425 ],[30.77 30.77 37.77 37.77 30.77 ],[0.931 0.946 0.973 ]);
patch([11.425 21.54 28.54 18.425 11.425 ],[23.77 23.77 30.77 30.77 23.77 ],[1 1 1 ]);
patch([18.425 42.54 35.54 28.54 21.54 11.425 18.425 ],[16.77 16.77 23.77 16.77 23.77 23.77 16.77 ],[0.931 0.946 0.973 ]);
fprintf(&apos;&apos;,&apos;COMMENT: end icon graphics&apos;);
fprintf(&apos;&apos;,&apos;COMMENT: begin icon text&apos;);



color(&apos;black&apos;);disp(&apos;and&apos;);
fprintf(&apos;&apos;,&apos;COMMENT: end icon text&apos;);</P>
      </Block>
      <Block BlockType="Reference" Name="Mux 1" SID="9">
	<P Name="Ports">[3, 1]</P>
	<P Name="Position">[1885, 498, 1930, 602]</P>
	<P Name="ZOrder">9</P>
	<P Name="LibraryVersion">1.2</P>
	<P Name="SourceBlock">xbsIndex_r4/Mux</P>
	<P Name="SourceType">Xilinx Bus Multiplexer Block</P>
	<P Name="inputs">2</P>
	<P Name="en">off</P>
	<P Name="latency">0</P>
	<P Name="precision">User Defined</P>
	<P Name="arith_type">Unsigned</P>
	<P Name="n_bits">5</P>
	<P Name="bin_pt">0</P>
	<P Name="quantization">Truncate</P>
	<P Name="overflow">Wrap</P>
	<P Name="dbl_ovrd">off</P>
	<P Name="xl_use_area">off</P>
	<P Name="xl_area">[0,0,0,0,0,0,0]</P>
	<P Name="has_advanced_control">0</P>
	<P Name="sggui_pos">-1,-1,-1,-1</P>
	<P Name="block_type">mux</P>
	<P Name="sg_icon_stat">45,104,3,1,white,blue,3,eb98d690,right,,[ ],[ ]</P>
	<P Name="sg_mask_display">fprintf(&apos;&apos;,&apos;COMMENT: begin icon graphics&apos;);
patch([0 45 45 0 0 ],[0 14.8571 89.1429 104 0 ],[0.77 0.82 0.91 ]);
plot([0 45 45 0 0 ],[0 14.8571 89.1429 104 0 ]);
patch([8.65 17.32 23.32 29.32 35.32 23.32 14.65 8.65 ],[58.66 58.66 64.66 58.66 64.66 64.66 64.66 58.66 ],[1 1 1 ]);
patch([14.65 23.32 17.32 8.65 14.65 ],[52.66 52.66 58.66 58.66 52.66 ],[0.931 0.946 0.973 ]);
patch([8.65 17.32 23.32 14.65 8.65 ],[46.66 46.66 52.66 52.66 46.66 ],[1 1 1 ]);
patch([14.65 35.32 29.32 23.32 17.32 8.65 14.65 ],[40.66 40.66 46.66 40.66 46.66 46.66 40.66 ],[0.931 0.946 0.973 ]);
fprintf(&apos;&apos;,&apos;COMMENT: end icon graphics&apos;);
fprintf(&apos;&apos;,&apos;COMMENT: begin icon text&apos;);
color(&apos;black&apos;);port_label(&apos;input&apos;,1,&apos;sel&apos;);
color(&apos;black&apos;);port_label(&apos;input&apos;,2,&apos;d0&apos;);
color(&apos;black&apos;);port_label(&apos;input&apos;,3,&apos;d1&apos;);

color(&apos;black&apos;);disp(&apos;\bf{}&apos;,&apos;texmode&apos;,&apos;on&apos;);
fprintf(&apos;&apos;,&apos;COMMENT: end icon text&apos;);</P>
      </Block>
      <Block BlockType="Reference" Name="Mux 2" SID="10">
	<P Name="Ports">[3, 1]</P>
	<P Name="Position">[2225, 518, 2270, 622]</P>
	<P Name="ZOrder">10</P>
	<P Name="LibraryVersion">1.2</P>
	<P Name="SourceBlock">xbsIndex_r4/Mux</P>
	<P Name="SourceType">Xilinx Bus Multiplexer Block</P>
	<P Name="inputs">2</P>
	<P Name="en">off</P>
	<P Name="latency">0</P>
	<P Name="precision">User Defined</P>
	<P Name="arith_type">Unsigned</P>
	<P Name="n_bits">32</P>
	<P Name="bin_pt">0</P>
	<P Name="quantization">Truncate</P>
	<P Name="overflow">Wrap</P>
	<P Name="dbl_ovrd">off</P>
	<P Name="xl_use_area">off</P>
	<P Name="xl_area">[0,0,0,0,0,0,0]</P>
	<P Name="has_advanced_control">0</P>
	<P Name="sggui_pos">-1,-1,-1,-1</P>
	<P Name="block_type">mux</P>
	<P Name="sg_icon_stat">45,104,3,1,white,blue,3,eb98d690,right,,[ ],[ ]</P>
	<P Name="sg_mask_display">fprintf(&apos;&apos;,&apos;COMMENT: begin icon graphics&apos;);
patch([0 45 45 0 0 ],[0 14.8571 89.1429 104 0 ],[0.77 0.82 0.91 ]);
plot([0 45 45 0 0 ],[0 14.8571 89.1429 104 0 ]);
patch([8.65 17.32 23.32 29.32 35.32 23.32 14.65 8.65 ],[58.66 58.66 64.66 58.66 64.66 64.66 64.66 58.66 ],[1 1 1 ]);
patch([14.65 23.32 17.32 8.65 14.65 ],[52.66 52.66 58.66 58.66 52.66 ],[0.931 0.946 0.973 ]);
patch([8.65 17.32 23.32 14.65 8.65 ],[46.66 46.66 52.66 52.66 46.66 ],[1 1 1 ]);
patch([14.65 35.32 29.32 23.32 17.32 8.65 14.65 ],[40.66 40.66 46.66 40.66 46.66 46.66 40.66 ],[0.931 0.946 0.973 ]);
fprintf(&apos;&apos;,&apos;COMMENT: end icon graphics&apos;);
fprintf(&apos;&apos;,&apos;COMMENT: begin icon text&apos;);
color(&apos;black&apos;);port_label(&apos;input&apos;,1,&apos;sel&apos;);
color(&apos;black&apos;);port_label(&apos;input&apos;,2,&apos;d0&apos;);
color(&apos;black&apos;);port_label(&apos;input&apos;,3,&apos;d1&apos;);

color(&apos;black&apos;);disp(&apos;\bf{}&apos;,&apos;texmode&apos;,&apos;on&apos;);
fprintf(&apos;&apos;,&apos;COMMENT: end icon text&apos;);</P>
      </Block>
      <Block BlockType="Reference" Name="Mux 3" SID="13">
	<P Name="Ports">[3, 1]</P>
	<P Name="Position">[3000, 138, 3045, 242]</P>
	<P Name="ZOrder">13</P>
	<P Name="LibraryVersion">1.2</P>
	<P Name="SourceBlock">xbsIndex_r4/Mux</P>
	<P Name="SourceType">Xilinx Bus Multiplexer Block</P>
	<P Name="inputs">2</P>
	<P Name="en">off</P>
	<P Name="latency">0</P>
	<P Name="precision">User Defined</P>
	<P Name="arith_type">Unsigned</P>
	<P Name="n_bits">32</P>
	<P Name="bin_pt">0</P>
	<P Name="quantization">Truncate</P>
	<P Name="overflow">Wrap</P>
	<P Name="dbl_ovrd">off</P>
	<P Name="xl_use_area">off</P>
	<P Name="xl_area">[0,0,0,0,0,0,0]</P>
	<P Name="has_advanced_control">0</P>
	<P Name="sggui_pos">-1,-1,-1,-1</P>
	<P Name="block_type">mux</P>
	<P Name="sg_icon_stat">45,104,3,1,white,blue,3,eb98d690,right,,[ ],[ ]</P>
	<P Name="sg_mask_display">fprintf(&apos;&apos;,&apos;COMMENT: begin icon graphics&apos;);
patch([0 45 45 0 0 ],[0 14.8571 89.1429 104 0 ],[0.77 0.82 0.91 ]);
plot([0 45 45 0 0 ],[0 14.8571 89.1429 104 0 ]);
patch([8.65 17.32 23.32 29.32 35.32 23.32 14.65 8.65 ],[58.66 58.66 64.66 58.66 64.66 64.66 64.66 58.66 ],[1 1 1 ]);
patch([14.65 23.32 17.32 8.65 14.65 ],[52.66 52.66 58.66 58.66 52.66 ],[0.931 0.946 0.973 ]);
patch([8.65 17.32 23.32 14.65 8.65 ],[46.66 46.66 52.66 52.66 46.66 ],[1 1 1 ]);
patch([14.65 35.32 29.32 23.32 17.32 8.65 14.65 ],[40.66 40.66 46.66 40.66 46.66 46.66 40.66 ],[0.931 0.946 0.973 ]);
fprintf(&apos;&apos;,&apos;COMMENT: end icon graphics&apos;);
fprintf(&apos;&apos;,&apos;COMMENT: begin icon text&apos;);
color(&apos;black&apos;);port_label(&apos;input&apos;,1,&apos;sel&apos;);
color(&apos;black&apos;);port_label(&apos;input&apos;,2,&apos;d0&apos;);
color(&apos;black&apos;);port_label(&apos;input&apos;,3,&apos;d1&apos;);

color(&apos;black&apos;);disp(&apos;\bf{}&apos;,&apos;texmode&apos;,&apos;on&apos;);
fprintf(&apos;&apos;,&apos;COMMENT: end icon text&apos;);</P>
      </Block>
      <Block BlockType="Reference" Name="Mux 4" SID="31">
	<P Name="Ports">[3, 1]</P>
	<P Name="Position">[2440, 18, 2485, 122]</P>
	<P Name="ZOrder">60</P>
	<P Name="LibraryVersion">1.2</P>
	<P Name="SourceBlock">xbsIndex_r4/Mux</P>
	<P Name="SourceType">Xilinx Bus Multiplexer Block</P>
	<P Name="inputs">2</P>
	<P Name="en">off</P>
	<P Name="latency">0</P>
	<P Name="precision">User Defined</P>
	<P Name="arith_type">Unsigned</P>
	<P Name="n_bits">32</P>
	<P Name="bin_pt">0</P>
	<P Name="quantization">Truncate</P>
	<P Name="overflow">Wrap</P>
	<P Name="dbl_ovrd">off</P>
	<P Name="xl_use_area">off</P>
	<P Name="xl_area">[0,0,0,0,0,0,0]</P>
	<P Name="has_advanced_control">0</P>
	<P Name="sggui_pos">-1,-1,-1,-1</P>
	<P Name="block_type">mux</P>
	<P Name="sg_icon_stat">45,104,3,1,white,blue,3,eb98d690,right,,[ ],[ ]</P>
	<P Name="sg_mask_display">fprintf(&apos;&apos;,&apos;COMMENT: begin icon graphics&apos;);
patch([0 45 45 0 0 ],[0 14.8571 89.1429 104 0 ],[0.77 0.82 0.91 ]);
plot([0 45 45 0 0 ],[0 14.8571 89.1429 104 0 ]);
patch([8.65 17.32 23.32 29.32 35.32 23.32 14.65 8.65 ],[58.66 58.66 64.66 58.66 64.66 64.66 64.66 58.66 ],[1 1 1 ]);
patch([14.65 23.32 17.32 8.65 14.65 ],[52.66 52.66 58.66 58.66 52.66 ],[0.931 0.946 0.973 ]);
patch([8.65 17.32 23.32 14.65 8.65 ],[46.66 46.66 52.66 52.66 46.66 ],[1 1 1 ]);
patch([14.65 35.32 29.32 23.32 17.32 8.65 14.65 ],[40.66 40.66 46.66 40.66 46.66 46.66 40.66 ],[0.931 0.946 0.973 ]);
fprintf(&apos;&apos;,&apos;COMMENT: end icon graphics&apos;);
fprintf(&apos;&apos;,&apos;COMMENT: begin icon text&apos;);
color(&apos;black&apos;);port_label(&apos;input&apos;,1,&apos;sel&apos;);
color(&apos;black&apos;);port_label(&apos;input&apos;,2,&apos;d0&apos;);
color(&apos;black&apos;);port_label(&apos;input&apos;,3,&apos;d1&apos;);

color(&apos;black&apos;);disp(&apos;\bf{}&apos;,&apos;texmode&apos;,&apos;on&apos;);
fprintf(&apos;&apos;,&apos;COMMENT: end icon text&apos;);</P>
      </Block>
      <Block BlockType="Reference" Name="PC" SID="52">
	<P Name="Ports">[2, 1]</P>
	<P Name="Position">[555, 742, 610, 798]</P>
	<P Name="ZOrder">81</P>
	<P Name="LibraryVersion">1.2</P>
	<P Name="SourceBlock">xbsIndex_r4/Black Box</P>
	<P Name="SourceType">Xilinx Black Box Block</P>
	<P Name="infoedit"> Incorporates black box HDL and simulation model into a System Generator design.&lt;br&gt;&lt;br&gt;You must supply a Black Box with certain information about the HDL component you would like to bring into System Generator. This information is provided through a Matlab function.&lt;br&gt;&lt;br&gt;When &quot;Simulation mode&quot; is set to &quot;Inactive&quot;, you will typically want to provide a separate simulation model by using a Simulation Multiplexer.&lt;br&gt;When &quot;Simulation mode&quot; is set to &quot;External co-simulator&quot;, you must include a ModelSim block in the design.</P>
	<P Name="init_code">programcounter_config</P>
	<P Name="sim_method">Inactive</P>
	<P Name="verbose">off</P>
	<P Name="xl_use_area">off</P>
	<P Name="xl_area">[0,0,0,0,0,0,0]</P>
	<P Name="has_advanced_control">0</P>
	<P Name="sggui_pos">-1,-1,-1,-1</P>
	<P Name="block_type">blackbox2</P>
	<P Name="sg_icon_stat">55,56,2,1,white,blue,0,71fcd1ac,right,,[ ],[ ]</P>
	<P Name="sg_mask_display">fprintf(&apos;&apos;,&apos;COMMENT: begin icon graphics&apos;);
patch([0 55 55 0 0 ],[0 0 56 56 0 ],[0.77 0.82 0.91 ]);
plot([0 55 55 0 0 ],[0 0 56 56 0 ]);
patch([11.425 21.54 28.54 35.54 42.54 28.54 18.425 11.425 ],[35.77 35.77 42.77 35.77 42.77 42.77 42.77 35.77 ],[1 1 1 ]);
patch([18.425 28.54 21.54 11.425 18.425 ],[28.77 28.77 35.77 35.77 28.77 ],[0.931 0.946 0.973 ]);
patch([11.425 21.54 28.54 18.425 11.425 ],[21.77 21.77 28.77 28.77 21.77 ],[1 1 1 ]);
patch([18.425 42.54 35.54 28.54 21.54 11.425 18.425 ],[14.77 14.77 21.77 14.77 21.77 21.77 14.77 ],[0.931 0.946 0.973 ]);
fprintf(&apos;&apos;,&apos;COMMENT: end icon graphics&apos;);
fprintf(&apos;&apos;,&apos;COMMENT: begin icon text&apos;);
color(&apos;black&apos;);port_label(&apos;input&apos;,1,&apos;clk&apos;);
color(&apos;black&apos;);port_label(&apos;input&apos;,2,&apos;pcin&apos;);
color(&apos;black&apos;);port_label(&apos;output&apos;,1,&apos;pcout&apos;);
fprintf(&apos;&apos;,&apos;COMMENT: end icon text&apos;);</P>
      </Block>
      <Block BlockType="Reference" Name="Shift" SID="32">
	<P Name="Ports">[1, 1]</P>
	<P Name="Position">[2080, 172, 2140, 228]</P>
	<P Name="ZOrder">61</P>
	<P Name="LibraryVersion">1.2</P>
	<P Name="SourceBlock">xbsIndex_r4/Shift</P>
	<P Name="SourceType">Xilinx Binary Shift Operator Block</P>
	<P Name="infoedit">Hardware notes: In hardware this block costs nothing if full output precision is used.</P>
	<P Name="shift_dir">Left</P>
	<P Name="shift_bits">1</P>
	<P Name="en">off</P>
	<P Name="latency">0</P>
	<P Name="precision">User Defined</P>
	<P Name="arith_type">Unsigned</P>
	<P Name="n_bits">32</P>
	<P Name="bin_pt">0</P>
	<P Name="quantization">Truncate</P>
	<P Name="overflow">Wrap</P>
	<P Name="dbl_ovrd">off</P>
	<P Name="xl_use_area">off</P>
	<P Name="xl_area">[0,0,0,0,0,0,0]</P>
	<P Name="has_advanced_control">0</P>
	<P Name="sggui_pos">-1,-1,-1,-1</P>
	<P Name="block_type">shift</P>
	<P Name="sg_icon_stat">60,56,1,1,white,blue,0,6c6aa2df,right,,[ ],[ ]</P>
	<P Name="sg_mask_display">fprintf(&apos;&apos;,&apos;COMMENT: begin icon graphics&apos;);
patch([0 60 60 0 0 ],[0 0 56 56 0 ],[0.77 0.82 0.91 ]);
plot([0 60 60 0 0 ],[0 0 56 56 0 ]);
patch([12.2 23.76 31.76 39.76 47.76 31.76 20.2 12.2 ],[36.88 36.88 44.88 36.88 44.88 44.88 44.88 36.88 ],[1 1 1 ]);
patch([20.2 31.76 23.76 12.2 20.2 ],[28.88 28.88 36.88 36.88 28.88 ],[0.931 0.946 0.973 ]);
patch([12.2 23.76 31.76 20.2 12.2 ],[20.88 20.88 28.88 28.88 20.88 ],[1 1 1 ]);
patch([20.2 47.76 39.76 31.76 23.76 12.2 20.2 ],[12.88 12.88 20.88 12.88 20.88 20.88 12.88 ],[0.931 0.946 0.973 ]);
fprintf(&apos;&apos;,&apos;COMMENT: end icon graphics&apos;);
fprintf(&apos;&apos;,&apos;COMMENT: begin icon text&apos;);


color(&apos;black&apos;);disp(&apos;\bf{X &lt;&lt; 1}&apos;,&apos;texmode&apos;,&apos;on&apos;);
fprintf(&apos;&apos;,&apos;COMMENT: end icon text&apos;);</P>
      </Block>
      <Block BlockType="Reference" Name="WaveScope" SID="40">
	<P Name="Ports">[]</P>
	<P Name="Position">[641, 59, 712, 121]</P>
	<P Name="ZOrder">69</P>
	<P Name="LibraryVersion">1.2</P>
	<P Name="UserDataPersistent">on</P>
	<P Name="UserData" Ref="bdmxdata:DataTag1"/>
	<P Name="SourceBlock">xbsIndex_r4/WaveScope</P>
	<P Name="SourceType">Xilinx WaveScope Block</P>
	<P Name="infoedit">WaveScope</P>
	<P Name="has_advanced_control">0</P>
	<P Name="sggui_pos">-1,-1,-1,-1</P>
	<P Name="block_type">wavescope</P>
	<P Name="sg_icon_stat">71,62,-1,-1,blue,white,0,07734,right,,[ ],[ ]</P>
	<P Name="sg_mask_display">fprintf(&apos;&apos;,&apos;COMMENT: begin icon graphics&apos;);
patch([0 71 71 0 0 ],[0 0 62 62 0 ],[1 1 1 ]);
plot([0 71 71 0 0 ],[0 0 62 62 0 ]);
patch([17.2 28.76 36.76 44.76 52.76 36.76 25.2 17.2 ],[39.88 39.88 47.88 39.88 47.88 47.88 47.88 39.88 ],[0.839 0.874 0.937 ]);
patch([25.2 36.76 28.76 17.2 25.2 ],[31.88 31.88 39.88 39.88 31.88 ],[0.77 0.82 0.91 ]);
patch([17.2 28.76 36.76 25.2 17.2 ],[23.88 23.88 31.88 31.88 23.88 ],[0.839 0.874 0.937 ]);
patch([25.2 52.76 44.76 36.76 28.76 17.2 25.2 ],[15.88 15.88 23.88 15.88 23.88 23.88 15.88 ],[0.77 0.82 0.91 ]);
fprintf(&apos;&apos;,&apos;COMMENT: end icon graphics&apos;);
fprintf(&apos;&apos;,&apos;COMMENT: begin icon text&apos;);
fprintf(&apos;&apos;,&apos;COMMENT: end icon text&apos;);color(&apos;green&apos;);
plot([0,0.42,0.57,1]*w,[0.62, 0.62, 0.38,0.38]*h);
plot([0,0.42,0.57,1]*w,[0.38, 0.38, 0.62,0.62]*h);
color(&apos;red&apos;);
plot([0,0.3,0.3,0.47,0.47,1]*w,[0.15,0.15,0.3,0.3,0.15,0.15]*h);
color(&apos;black&apos;);
text(0.08*w,0.5*h,&apos;Wave&apos;);
text(0.56*w,0.5*h,&apos;Scope&apos;);
</P>
      </Block>
      <Block BlockType="Reference" Name="control" SID="54">
	<P Name="Ports">[1, 8]</P>
	<P Name="Position">[1340, 568, 1430, 777]</P>
	<P Name="ZOrder">83</P>
	<P Name="LibraryVersion">1.2</P>
	<P Name="SourceBlock">xbsIndex_r4/Black Box</P>
	<P Name="SourceType">Xilinx Black Box Block</P>
	<P Name="infoedit"> Incorporates black box HDL and simulation model into a System Generator design.&lt;br&gt;&lt;br&gt;You must supply a Black Box with certain information about the HDL component you would like to bring into System Generator. This information is provided through a Matlab function.&lt;br&gt;&lt;br&gt;When &quot;Simulation mode&quot; is set to &quot;Inactive&quot;, you will typically want to provide a separate simulation model by using a Simulation Multiplexer.&lt;br&gt;When &quot;Simulation mode&quot; is set to &quot;External co-simulator&quot;, you must include a ModelSim block in the design.</P>
	<P Name="init_code">control_config</P>
	<P Name="sim_method">Inactive</P>
	<P Name="verbose">off</P>
	<P Name="xl_use_area">off</P>
	<P Name="xl_area">[0,0,0,0,0,0,0]</P>
	<P Name="has_advanced_control">0</P>
	<P Name="sggui_pos">-1,-1,-1,-1</P>
	<P Name="block_type">blackbox2</P>
	<P Name="sg_icon_stat">90,209,1,8,white,blue,0,9e55dd2a,right,,[ ],[ ]</P>
	<P Name="sg_mask_display">fprintf(&apos;&apos;,&apos;COMMENT: begin icon graphics&apos;);
patch([0 90 90 0 0 ],[0 0 209 209 0 ],[0.77 0.82 0.91 ]);
plot([0 90 90 0 0 ],[0 0 209 209 0 ]);
patch([18.3 35.64 47.64 59.64 71.64 47.64 30.3 18.3 ],[117.32 117.32 129.32 117.32 129.32 129.32 129.32 117.32 ],[1 1 1 ]);
patch([30.3 47.64 35.64 18.3 30.3 ],[105.32 105.32 117.32 117.32 105.32 ],[0.931 0.946 0.973 ]);
patch([18.3 35.64 47.64 30.3 18.3 ],[93.32 93.32 105.32 105.32 93.32 ],[1 1 1 ]);
patch([30.3 71.64 59.64 47.64 35.64 18.3 30.3 ],[81.32 81.32 93.32 81.32 93.32 93.32 81.32 ],[0.931 0.946 0.973 ]);
fprintf(&apos;&apos;,&apos;COMMENT: end icon graphics&apos;);
fprintf(&apos;&apos;,&apos;COMMENT: begin icon text&apos;);
color(&apos;black&apos;);port_label(&apos;input&apos;,1,&apos;opcode&apos;);
color(&apos;black&apos;);port_label(&apos;output&apos;,1,&apos;regdst&apos;);
color(&apos;black&apos;);port_label(&apos;output&apos;,2,&apos;branch&apos;);
color(&apos;black&apos;);port_label(&apos;output&apos;,3,&apos;memread&apos;);
color(&apos;black&apos;);port_label(&apos;output&apos;,4,&apos;memtoreg&apos;);
color(&apos;black&apos;);port_label(&apos;output&apos;,5,&apos;memwrite&apos;);
color(&apos;black&apos;);port_label(&apos;output&apos;,6,&apos;alusrc&apos;);
color(&apos;black&apos;);port_label(&apos;output&apos;,7,&apos;regwrite&apos;);
color(&apos;black&apos;);port_label(&apos;output&apos;,8,&apos;aluop&apos;);
fprintf(&apos;&apos;,&apos;COMMENT: end icon text&apos;);</P>
      </Block>
      <Block BlockType="Reference" Name="data memory" SID="48">
	<P Name="Ports">[4, 1]</P>
	<P Name="Position">[2615, 268, 2725, 432]</P>
	<P Name="ZOrder">77</P>
	<P Name="LibraryVersion">1.2</P>
	<P Name="SourceBlock">xbsIndex_r4/Black Box</P>
	<P Name="SourceType">Xilinx Black Box Block</P>
	<P Name="infoedit"> Incorporates black box HDL and simulation model into a System Generator design.&lt;br&gt;&lt;br&gt;You must supply a Black Box with certain information about the HDL component you would like to bring into System Generator. This information is provided through a Matlab function.&lt;br&gt;&lt;br&gt;When &quot;Simulation mode&quot; is set to &quot;Inactive&quot;, you will typically want to provide a separate simulation model by using a Simulation Multiplexer.&lt;br&gt;When &quot;Simulation mode&quot; is set to &quot;External co-simulator&quot;, you must include a ModelSim block in the design.</P>
	<P Name="init_code">datamem_config</P>
	<P Name="sim_method">Inactive</P>
	<P Name="verbose">off</P>
	<P Name="xl_use_area">off</P>
	<P Name="xl_area">[0,0,0,0,0,0,0]</P>
	<P Name="has_advanced_control">0</P>
	<P Name="sggui_pos">-1,-1,-1,-1</P>
	<P Name="block_type">blackbox2</P>
	<P Name="sg_icon_stat">110,164,4,1,white,blue,0,97070fd5,right,,[ ],[ ]</P>
	<P Name="sg_mask_display">fprintf(&apos;&apos;,&apos;COMMENT: begin icon graphics&apos;);
patch([0 110 110 0 0 ],[0 0 164 164 0 ],[0.77 0.82 0.91 ]);
plot([0 110 110 0 0 ],[0 0 164 164 0 ]);
patch([21.625 43.3 58.3 73.3 88.3 58.3 36.625 21.625 ],[98.65 98.65 113.65 98.65 113.65 113.65 113.65 98.65 ],[1 1 1 ]);
patch([36.625 58.3 43.3 21.625 36.625 ],[83.65 83.65 98.65 98.65 83.65 ],[0.931 0.946 0.973 ]);
patch([21.625 43.3 58.3 36.625 21.625 ],[68.65 68.65 83.65 83.65 68.65 ],[1 1 1 ]);
patch([36.625 88.3 73.3 58.3 43.3 21.625 36.625 ],[53.65 53.65 68.65 53.65 68.65 68.65 53.65 ],[0.931 0.946 0.973 ]);
fprintf(&apos;&apos;,&apos;COMMENT: end icon graphics&apos;);
fprintf(&apos;&apos;,&apos;COMMENT: begin icon text&apos;);
color(&apos;black&apos;);port_label(&apos;input&apos;,1,&apos;memwrite&apos;);
color(&apos;black&apos;);port_label(&apos;input&apos;,2,&apos;memread&apos;);
color(&apos;black&apos;);port_label(&apos;input&apos;,3,&apos;addr&apos;);
color(&apos;black&apos;);port_label(&apos;input&apos;,4,&apos;wrdata&apos;);
color(&apos;black&apos;);port_label(&apos;output&apos;,1,&apos;rdata&apos;);
fprintf(&apos;&apos;,&apos;COMMENT: end icon text&apos;);</P>
      </Block>
      <Block BlockType="Reference" Name="instruction memory" SID="53">
	<P Name="Ports">[1, 6]</P>
	<P Name="Position">[850, 697, 965, 823]</P>
	<P Name="ZOrder">82</P>
	<P Name="LibraryVersion">1.2</P>
	<P Name="SourceBlock">xbsIndex_r4/Black Box</P>
	<P Name="SourceType">Xilinx Black Box Block</P>
	<P Name="infoedit"> Incorporates black box HDL and simulation model into a System Generator design.&lt;br&gt;&lt;br&gt;You must supply a Black Box with certain information about the HDL component you would like to bring into System Generator. This information is provided through a Matlab function.&lt;br&gt;&lt;br&gt;When &quot;Simulation mode&quot; is set to &quot;Inactive&quot;, you will typically want to provide a separate simulation model by using a Simulation Multiplexer.&lt;br&gt;When &quot;Simulation mode&quot; is set to &quot;External co-simulator&quot;, you must include a ModelSim block in the design.</P>
	<P Name="init_code">instrmemo_config</P>
	<P Name="sim_method">Inactive</P>
	<P Name="verbose">off</P>
	<P Name="xl_use_area">off</P>
	<P Name="xl_area">[0,0,0,0,0,0,0]</P>
	<P Name="has_advanced_control">0</P>
	<P Name="sggui_pos">-1,-1,-1,-1</P>
	<P Name="block_type">blackbox2</P>
	<P Name="sg_icon_stat">115,126,1,6,white,blue,0,de3e88b8,right,,[ ],[ ]</P>
	<P Name="sg_mask_display">fprintf(&apos;&apos;,&apos;COMMENT: begin icon graphics&apos;);
patch([0 115 115 0 0 ],[0 0 126 126 0 ],[0.77 0.82 0.91 ]);
plot([0 115 115 0 0 ],[0 0 126 126 0 ]);
patch([21.4 44.52 60.52 76.52 92.52 60.52 37.4 21.4 ],[80.76 80.76 96.76 80.76 96.76 96.76 96.76 80.76 ],[1 1 1 ]);
patch([37.4 60.52 44.52 21.4 37.4 ],[64.76 64.76 80.76 80.76 64.76 ],[0.931 0.946 0.973 ]);
patch([21.4 44.52 60.52 37.4 21.4 ],[48.76 48.76 64.76 64.76 48.76 ],[1 1 1 ]);
patch([37.4 92.52 76.52 60.52 44.52 21.4 37.4 ],[32.76 32.76 48.76 32.76 48.76 48.76 32.76 ],[0.931 0.946 0.973 ]);
fprintf(&apos;&apos;,&apos;COMMENT: end icon graphics&apos;);
fprintf(&apos;&apos;,&apos;COMMENT: begin icon text&apos;);
color(&apos;black&apos;);port_label(&apos;input&apos;,1,&apos;pcread&apos;);
color(&apos;black&apos;);port_label(&apos;output&apos;,1,&apos;opcode&apos;);
color(&apos;black&apos;);port_label(&apos;output&apos;,2,&apos;func&apos;);
color(&apos;black&apos;);port_label(&apos;output&apos;,3,&apos;rs&apos;);
color(&apos;black&apos;);port_label(&apos;output&apos;,4,&apos;rt&apos;);
color(&apos;black&apos;);port_label(&apos;output&apos;,5,&apos;rd&apos;);
color(&apos;black&apos;);port_label(&apos;output&apos;,6,&apos;imm&apos;);
fprintf(&apos;&apos;,&apos;COMMENT: end icon text&apos;);</P>
      </Block>
      <Block BlockType="Reference" Name="registers" SID="50">
	<P Name="Ports">[6, 2]</P>
	<P Name="Position">[2285, 726, 2425, 974]</P>
	<P Name="ZOrder">79</P>
	<P Name="LibraryVersion">1.2</P>
	<P Name="SourceBlock">xbsIndex_r4/Black Box</P>
	<P Name="SourceType">Xilinx Black Box Block</P>
	<P Name="infoedit"> Incorporates black box HDL and simulation model into a System Generator design.&lt;br&gt;&lt;br&gt;You must supply a Black Box with certain information about the HDL component you would like to bring into System Generator. This information is provided through a Matlab function.&lt;br&gt;&lt;br&gt;When &quot;Simulation mode&quot; is set to &quot;Inactive&quot;, you will typically want to provide a separate simulation model by using a Simulation Multiplexer.&lt;br&gt;When &quot;Simulation mode&quot; is set to &quot;External co-simulator&quot;, you must include a ModelSim block in the design.</P>
	<P Name="init_code">registers_config</P>
	<P Name="sim_method">Inactive</P>
	<P Name="verbose">off</P>
	<P Name="xl_use_area">off</P>
	<P Name="xl_area">[0,0,0,0,0,0,0]</P>
	<P Name="has_advanced_control">0</P>
	<P Name="sggui_pos">-1,-1,-1,-1</P>
	<P Name="block_type">blackbox2</P>
	<P Name="sg_icon_stat">140,248,6,2,white,blue,0,fa1514e0,right,,[ ],[ ]</P>
	<P Name="sg_mask_display">fprintf(&apos;&apos;,&apos;COMMENT: begin icon graphics&apos;);
patch([0 140 140 0 0 ],[0 0 248 248 0 ],[0.77 0.82 0.91 ]);
plot([0 140 140 0 0 ],[0 0 248 248 0 ]);
patch([25.5 54.4 74.4 94.4 114.4 74.4 45.5 25.5 ],[146.2 146.2 166.2 146.2 166.2 166.2 166.2 146.2 ],[1 1 1 ]);
patch([45.5 74.4 54.4 25.5 45.5 ],[126.2 126.2 146.2 146.2 126.2 ],[0.931 0.946 0.973 ]);
patch([25.5 54.4 74.4 45.5 25.5 ],[106.2 106.2 126.2 126.2 106.2 ],[1 1 1 ]);
patch([45.5 114.4 94.4 74.4 54.4 25.5 45.5 ],[86.2 86.2 106.2 86.2 106.2 106.2 86.2 ],[0.931 0.946 0.973 ]);
fprintf(&apos;&apos;,&apos;COMMENT: end icon graphics&apos;);
fprintf(&apos;&apos;,&apos;COMMENT: begin icon text&apos;);
color(&apos;black&apos;);port_label(&apos;input&apos;,1,&apos;read1&apos;);
color(&apos;black&apos;);port_label(&apos;input&apos;,2,&apos;read2&apos;);
color(&apos;black&apos;);port_label(&apos;input&apos;,3,&apos;writereg&apos;);
color(&apos;black&apos;);port_label(&apos;input&apos;,4,&apos;writedata&apos;);
color(&apos;black&apos;);port_label(&apos;input&apos;,5,&apos;regwrite&apos;);
color(&apos;black&apos;);port_label(&apos;input&apos;,6,&apos;clock&apos;);
color(&apos;black&apos;);port_label(&apos;output&apos;,1,&apos;data1&apos;);
color(&apos;black&apos;);port_label(&apos;output&apos;,2,&apos;data2&apos;);
fprintf(&apos;&apos;,&apos;COMMENT: end icon text&apos;);</P>
      </Block>
      <Block BlockType="Reference" Name="sign extend" SID="51">
	<P Name="Ports">[1, 1]</P>
	<P Name="Position">[1745, 1142, 1800, 1198]</P>
	<P Name="ZOrder">80</P>
	<P Name="LibraryVersion">1.2</P>
	<P Name="SourceBlock">xbsIndex_r4/Black Box</P>
	<P Name="SourceType">Xilinx Black Box Block</P>
	<P Name="infoedit"> Incorporates black box HDL and simulation model into a System Generator design.&lt;br&gt;&lt;br&gt;You must supply a Black Box with certain information about the HDL component you would like to bring into System Generator. This information is provided through a Matlab function.&lt;br&gt;&lt;br&gt;When &quot;Simulation mode&quot; is set to &quot;Inactive&quot;, you will typically want to provide a separate simulation model by using a Simulation Multiplexer.&lt;br&gt;When &quot;Simulation mode&quot; is set to &quot;External co-simulator&quot;, you must include a ModelSim block in the design.</P>
	<P Name="init_code">signextend_config</P>
	<P Name="sim_method">Inactive</P>
	<P Name="verbose">off</P>
	<P Name="xl_use_area">off</P>
	<P Name="xl_area">[0,0,0,0,0,0,0]</P>
	<P Name="has_advanced_control">0</P>
	<P Name="sggui_pos">-1,-1,-1,-1</P>
	<P Name="block_type">blackbox2</P>
	<P Name="sg_icon_stat">55,56,1,1,white,blue,0,4e34c215,right,,[ ],[ ]</P>
	<P Name="sg_mask_display">fprintf(&apos;&apos;,&apos;COMMENT: begin icon graphics&apos;);
patch([0 55 55 0 0 ],[0 0 56 56 0 ],[0.77 0.82 0.91 ]);
plot([0 55 55 0 0 ],[0 0 56 56 0 ]);
patch([11.425 21.54 28.54 35.54 42.54 28.54 18.425 11.425 ],[35.77 35.77 42.77 35.77 42.77 42.77 42.77 35.77 ],[1 1 1 ]);
patch([18.425 28.54 21.54 11.425 18.425 ],[28.77 28.77 35.77 35.77 28.77 ],[0.931 0.946 0.973 ]);
patch([11.425 21.54 28.54 18.425 11.425 ],[21.77 21.77 28.77 28.77 21.77 ],[1 1 1 ]);
patch([18.425 42.54 35.54 28.54 21.54 11.425 18.425 ],[14.77 14.77 21.77 14.77 21.77 21.77 14.77 ],[0.931 0.946 0.973 ]);
fprintf(&apos;&apos;,&apos;COMMENT: end icon graphics&apos;);
fprintf(&apos;&apos;,&apos;COMMENT: begin icon text&apos;);
color(&apos;black&apos;);port_label(&apos;input&apos;,1,&apos;inst_16&apos;);
color(&apos;black&apos;);port_label(&apos;output&apos;,1,&apos;inst_32&apos;);
fprintf(&apos;&apos;,&apos;COMMENT: end icon text&apos;);</P>
      </Block>
      <Line>
	<P Name="Src">9#out:1</P>
	<P Name="Points">[36, 0; 0, 280]</P>
	<P Name="Dst">50#in:3</P>
      </Line>
      <Line>
	<P Name="Src">54#out:6</P>
	<P Name="Points">[680, 0; 0, -175]</P>
	<P Name="Dst">10#in:1</P>
      </Line>
      <Line>
	<P Name="Src">54#out:1</P>
	<P Name="Points">[357, 0; 0, -70]</P>
	<P Name="Dst">9#in:1</P>
      </Line>
      <Line>
	<P Name="Src">54#out:7</P>
	<P Name="Points">[213, 0; 0, 175]</P>
	<P Name="Dst">50#in:5</P>
      </Line>
      <Line>
	<P Name="Src">54#out:5</P>
	<P Name="Points">[206, 0; 0, -395]</P>
	<P Name="Dst">48#in:1</P>
      </Line>
      <Line>
	<P Name="Src">54#out:4</P>
	<P Name="Points">[922, 0; 0, -505]</P>
	<P Name="Dst">13#in:1</P>
      </Line>
      <Line>
	<P Name="Src">48#out:1</P>
	<P Name="Points">[30, 0; 0, -125]</P>
	<P Name="Dst">13#in:3</P>
      </Line>
      <Line>
	<P Name="Src">54#out:3</P>
	<P Name="Points">[138, 0; 0, -305]</P>
	<P Name="Dst">48#in:2</P>
      </Line>
      <Line>
	<P Name="Src">54#out:2</P>
	<P Name="Points">[277, 0; 0, -255]</P>
	<P Name="Dst">14#in:1</P>
      </Line>
      <Line>
	<P Name="Src">54#out:8</P>
	<P Name="Points">[841, 0; 0, 235; 231, 0; 0, -230]</P>
	<P Name="Dst">49#in:1</P>
      </Line>
      <Line>
	<P Name="Src">49#out:1</P>
	<P Name="Points">[119, 0; 0, -490]</P>
	<P Name="Dst">47#in:1</P>
      </Line>
      <Line>
	<P Name="Src">50#out:1</P>
	<P Name="Points">[5, 0; 0, -60; 485, 0; 0, -385]</P>
	<P Name="Dst">47#in:2</P>
      </Line>
      <Line>
	<P Name="Src">10#out:1</P>
	<P Name="Points">[619, 0; 0, -185]</P>
	<P Name="Dst">47#in:3</P>
      </Line>
      <Line>
	<P Name="Src">50#out:2</P>
	<P Name="Points">[14, 0; 0, -191]</P>
	<Branch>
	  <P Name="Points">[0, -314]</P>
	  <P Name="Dst">48#in:4</P>
	</Branch>
	<Branch>
	  <P Name="Points">[-234, 0]</P>
	  <P Name="Dst">10#in:2</P>
	</Branch>
      </Line>
      <Line>
	<P Name="Src">52#out:1</P>
	<P Name="Points">[176, 0; 0, -10]</P>
	<Branch>
	  <P Name="Dst">53#in:1</P>
	</Branch>
	<Branch>
	  <P Name="Points">[0, -685]</P>
	  <P Name="Dst">34#in:1</P>
	</Branch>
      </Line>
      <Line>
	<P Name="Src">53#out:1</P>
	<P Name="Points">[62, 0; 0, -45; 218, 0; 0, 10]</P>
	<P Name="Dst">54#in:1</P>
      </Line>
      <Line>
	<P Name="Src">47#out:2</P>
	<P Name="Points">[9, 0; 0, 270; -1187, 0; 0, -260]</P>
	<P Name="Dst">14#in:2</P>
      </Line>
      <Line>
	<P Name="Src">47#out:1</P>
	<P Name="Points">[2, 0; 0, 190; -107, 0]</P>
	<Branch>
	  <P Name="Points">[-804, 0; 0, -135]</P>
	  <P Name="Dst">48#in:3</P>
	</Branch>
	<Branch>
	  <P Name="Points">[0, 130; -150, 0; 0, -445]</P>
	  <P Name="Dst">13#in:2</P>
	</Branch>
      </Line>
      <Line>
	<P Name="Src">13#out:1</P>
	<P Name="Points">[23, 0; 0, 811; -805, 0; 0, -131]</P>
	<P Name="Dst">50#in:4</P>
      </Line>
      <Line>
	<P Name="Src">53#out:4</P>
	<P Name="Points">[208, 0; 0, 43; 833, 0]</P>
	<Branch>
	  <P Name="Points">[0, 127; -1276, 0; 0, -390]</P>
	  <P Name="Dst">9#in:2</P>
	</Branch>
	<Branch>
	  <P Name="Points">[0, -23]</P>
	  <P Name="Dst">50#in:2</P>
	</Branch>
      </Line>
      <Line>
	<P Name="Src">53#out:3</P>
	<P Name="Points">[77, 0; 0, 489; 1175, 0; 0, -489]</P>
	<P Name="Dst">50#in:1</P>
      </Line>
      <Line>
	<P Name="Src">53#out:5</P>
	<P Name="Points">[143, 0; 0, 60; 753, 0; 0, -265]</P>
	<P Name="Dst">9#in:3</P>
      </Line>
      <Line>
	<P Name="Src">51#out:1</P>
	<P Name="Points">[249, 0]</P>
	<Branch>
	  <P Name="Points">[0, -970]</P>
	  <P Name="Dst">32#in:1</P>
	</Branch>
	<Branch>
	  <P Name="Points">[121, 0; 0, -565]</P>
	  <P Name="Dst">10#in:3</P>
	</Branch>
      </Line>
      <Line>
	<P Name="Src">53#out:6</P>
	<P Name="Points">[384, 0; 0, 360]</P>
	<P Name="Dst">51#in:1</P>
      </Line>
      <Line>
	<P Name="Src">53#out:2</P>
	<P Name="Points">[2, 0; 0, 495; 1598, 0; 0, -400]</P>
	<P Name="Dst">49#in:2</P>
      </Line>
      <Line>
	<P Name="Src">14#out:1</P>
	<P Name="Points">[47, 0; 0, -335]</P>
	<P Name="Dst">31#in:1</P>
      </Line>
      <Line>
	<P Name="Src">33#out:1</P>
	<P Name="Points">[145, 0]</P>
	<P Name="Dst">31#in:3</P>
      </Line>
      <Line>
	<P Name="Src">34#out:1</P>
	<P Name="Points">[39, 0]</P>
	<Branch>
	  <P Name="Points">[0, -15]</P>
	  <P Name="Dst">33#in:1</P>
	</Branch>
	<Branch>
	  <P Name="Points">[70, 0; 0, -44; 428, 0; 0, 24]</P>
	  <P Name="Dst">31#in:2</P>
	</Branch>
      </Line>
      <Line>
	<P Name="Src">32#out:1</P>
	<P Name="Points">[35, 0; 0, -95]</P>
	<P Name="Dst">33#in:2</P>
      </Line>
      <Line>
	<P Name="Src">35#out:1</P>
	<P Name="Points">[32, 0; 0, -25]</P>
	<P Name="Dst">34#in:2</P>
      </Line>
      <Line>
	<P Name="Src">46#out:1</P>
	<P Name="Points">[35, 0; 0, -45]</P>
	<P Name="Dst">50#in:6</P>
      </Line>
      <Line>
	<P Name="Src">31#out:1</P>
	<P Name="Points">[597, 0; 0, 1183; -2567, 0; 0, -468]</P>
	<P Name="Dst">52#in:2</P>
      </Line>
    </System>
  </Model>
</ModelInformation>
